article_url,article_title,comment,sentiment,score,human_label
https://news.yahoo.co.jp/articles/c8c70d8d1fc78a28b1fbe9f08fdd052ae3f4058a,閉店間際のリサイクルショップで見つけた“マックの限定商品”→開けたら……　「お宝発見！」「ずっと気になってたのがまさかあるとは」…で使ってみた光景も写真で公開しており、車のヘッドレストに取り付けて、モスバーガーのドリンクとオニオンフライをセットした様子も紹介。マイメロのデザインが…ねとらぼライフ総合4/15(水) 21:00,"20年位前にこれとは違うドリンクホルダーに簡易的に挿して使えるマクドナルドのポテトホルダーをもらいました。
たしかポテトを買うとおまけでいただけたもので便利で今でも使用します。",positive,0.9553,positive
https://news.yahoo.co.jp/articles/c8c70d8d1fc78a28b1fbe9f08fdd052ae3f4058a,閉店間際のリサイクルショップで見つけた“マックの限定商品”→開けたら……　「お宝発見！」「ずっと気になってたのがまさかあるとは」…で使ってみた光景も写真で公開しており、車のヘッドレストに取り付けて、モスバーガーのドリンクとオニオンフライをセットした様子も紹介。マイメロのデザインが…ねとらぼライフ総合4/15(水) 21:00,おっさんですがクロミちゃんファンw ちっちゃくて可愛いのに何となくセクシーな悪の女幹部み漂うところがイイw クロミちゃんのだったらガチ欲しいが、人に見られたら恥ずかしいなw,positive,0.789,positive
https://news.yahoo.co.jp/articles/c8c70d8d1fc78a28b1fbe9f08fdd052ae3f4058a,閉店間際のリサイクルショップで見つけた“マックの限定商品”→開けたら……　「お宝発見！」「ずっと気になってたのがまさかあるとは」…で使ってみた光景も写真で公開しており、車のヘッドレストに取り付けて、モスバーガーのドリンクとオニオンフライをセットした様子も紹介。マイメロのデザインが…ねとらぼライフ総合4/15(水) 21:00,"先代の車に付けてた！
懐かしいなぁ。
ただヘッドレストはシミだらけになりましたねw",neutral,0.6016,neutral
https://news.yahoo.co.jp/articles/c8c70d8d1fc78a28b1fbe9f08fdd052ae3f4058a,閉店間際のリサイクルショップで見つけた“マックの限定商品”→開けたら……　「お宝発見！」「ずっと気になってたのがまさかあるとは」…で使ってみた光景も写真で公開しており、車のヘッドレストに取り付けて、モスバーガーのドリンクとオニオンフライをセットした様子も紹介。マイメロのデザインが…ねとらぼライフ総合4/15(水) 21:00,ほんで乗せてんのはモスの商品かい！,neutral,0.7395,neutral
https://news.yahoo.co.jp/articles/50d19d083c2feae14b3804a129e7b3d8f3b79316,永野芽郁に元マネージャー男性と“おそろいコーデ”旅行報道「二股疑惑」から1年、CM「ゼロ」で愛用ブランドに漂う未練…は甚大だったようだ。 「騒動前の永野さんは透明感のあるイメージから、モスバーガーやサントリー、JCBなど大手企業のCMに10社以上、出演していました。SmartFLASHエンタメ総合4/14(火) 18:00,"芸能人を目指す人なんて、みんな中身はこんな感じでしょう。CMとかのために良いイメージを作っているだけで、この方は隠さない不器用なだけ。

イメージと違う自分を無理して演じ続けて、広末みたいに最後はおかしくなる。
この方にとっては、あのまま行くより良かったのかも。",neutral,0.71,neutral
https://news.yahoo.co.jp/articles/50d19d083c2feae14b3804a129e7b3d8f3b79316,永野芽郁に元マネージャー男性と“おそろいコーデ”旅行報道「二股疑惑」から1年、CM「ゼロ」で愛用ブランドに漂う未練…は甚大だったようだ。 「騒動前の永野さんは透明感のあるイメージから、モスバーガーやサントリー、JCBなど大手企業のCMに10社以上、出演していました。SmartFLASHエンタメ総合4/14(火) 18:00,"どん底まで落ちたら、しばらくは大人しくがむしゃらに仕事に打ち込めばよかったのにね。まぁ仕事がないから男に走るしかないってかんじなのかな。
なんだか、この謎の自信はどこから出てくるんのだろう？この期に及んでまだ勝ち気すぎると益々誰からも相手にされなくなるね。",negative,0.603,negative
https://news.yahoo.co.jp/articles/50d19d083c2feae14b3804a129e7b3d8f3b79316,永野芽郁に元マネージャー男性と“おそろいコーデ”旅行報道「二股疑惑」から1年、CM「ゼロ」で愛用ブランドに漂う未練…は甚大だったようだ。 「騒動前の永野さんは透明感のあるイメージから、モスバーガーやサントリー、JCBなど大手企業のCMに10社以上、出演していました。SmartFLASHエンタメ総合4/14(火) 18:00,"常に男性がいないとダメなタイプの人っていますよね。
そういうタイプの人なのではないかと。
それがダメなわけではないけど、田中圭の件も有耶無耶に終わってるわけだし、
表舞台からいっそ降りたらいいのにと思います。",neutral,0.6424,neutral
https://news.yahoo.co.jp/articles/50d19d083c2feae14b3804a129e7b3d8f3b79316,永野芽郁に元マネージャー男性と“おそろいコーデ”旅行報道「二股疑惑」から1年、CM「ゼロ」で愛用ブランドに漂う未練…は甚大だったようだ。 「騒動前の永野さんは透明感のあるイメージから、モスバーガーやサントリー、JCBなど大手企業のCMに10社以上、出演していました。SmartFLASHエンタメ総合4/14(火) 18:00,元マネージャーだから気心知れた関係なのか恋愛に発展したかは知らないけど、仮にも元マネージャーなら永野さんの事を思ってしばらくは2ショット撮られない配慮したらいいのに。,neutral,0.6899,neutral
https://news.yahoo.co.jp/articles/50d19d083c2feae14b3804a129e7b3d8f3b79316,永野芽郁に元マネージャー男性と“おそろいコーデ”旅行報道「二股疑惑」から1年、CM「ゼロ」で愛用ブランドに漂う未練…は甚大だったようだ。 「騒動前の永野さんは透明感のあるイメージから、モスバーガーやサントリー、JCBなど大手企業のCMに10社以上、出演していました。SmartFLASHエンタメ総合4/14(火) 18:00,"女優はイメージが1番強いので、やはり信用回復するにはそれ相当の努力もしないとだけど、実際悪いイメージが付くと企業も使いたがらないでしょう。
それでもこの方は強メンタルなんですかね、あの一連の出来事も無視出来てるのは凄い。
でも実際どれだけ彼女を必要としてるんですかね。
中々女性はイメージ崩してしまうと同性からも嫌われてしまいますからね。この先上手く行くとは思えないんですが。",negative,0.5084,negative
https://news.yahoo.co.jp/articles/50d19d083c2feae14b3804a129e7b3d8f3b79316,永野芽郁に元マネージャー男性と“おそろいコーデ”旅行報道「二股疑惑」から1年、CM「ゼロ」で愛用ブランドに漂う未練…は甚大だったようだ。 「騒動前の永野さんは透明感のあるイメージから、モスバーガーやサントリー、JCBなど大手企業のCMに10社以上、出演していました。SmartFLASHエンタメ総合4/14(火) 18:00,"事あるごとにイケメンマネージャーと言われてたのでどんな人なのかと見に行ったけどイケメンは居なかった
若い時の芸人の誰かに似ているけど思い出せない
統一性がないところみると男なら誰でもなのかな
男を切らしたくない、居ないと生きてけないタイプなんでしょうね",negative,0.8503,negative
https://news.yahoo.co.jp/articles/50d19d083c2feae14b3804a129e7b3d8f3b79316,永野芽郁に元マネージャー男性と“おそろいコーデ”旅行報道「二股疑惑」から1年、CM「ゼロ」で愛用ブランドに漂う未練…は甚大だったようだ。 「騒動前の永野さんは透明感のあるイメージから、モスバーガーやサントリー、JCBなど大手企業のCMに10社以上、出演していました。SmartFLASHエンタメ総合4/14(火) 18:00,"この恋愛だけを見れば別に良いと思うが彼女の事を思うなら写真を撮られる可能性は完全に排除する位でないと…配慮がないとは思います。

韓国の方との真偽は分からんが独身なら悪ではない。
もうお一人は事実ならば倫理的にどうかとは思うが相手も悪い。

何にせよイメージが大事なお仕事なんだから彼も軽率。
ましてや透明感を売りにしてるタイプの女優さんな訳だし。",neutral,0.6415,neutral
https://news.yahoo.co.jp/articles/50d19d083c2feae14b3804a129e7b3d8f3b79316,永野芽郁に元マネージャー男性と“おそろいコーデ”旅行報道「二股疑惑」から1年、CM「ゼロ」で愛用ブランドに漂う未練…は甚大だったようだ。 「騒動前の永野さんは透明感のあるイメージから、モスバーガーやサントリー、JCBなど大手企業のCMに10社以上、出演していました。SmartFLASHエンタメ総合4/14(火) 18:00,"もうニュースにするレベルじゃないね。
もっと世間が、感心あるモノにした方がいい。
個人的な意見だけど、彼女の代わりはいくらでもいると思うから、もっと新しい俳優を探すべきだ。",positive,0.676,negative
https://news.yahoo.co.jp/articles/50d19d083c2feae14b3804a129e7b3d8f3b79316,永野芽郁に元マネージャー男性と“おそろいコーデ”旅行報道「二股疑惑」から1年、CM「ゼロ」で愛用ブランドに漂う未練…は甚大だったようだ。 「騒動前の永野さんは透明感のあるイメージから、モスバーガーやサントリー、JCBなど大手企業のCMに10社以上、出演していました。SmartFLASHエンタメ総合4/14(火) 18:00,永野のような可愛く見せて、本当は気の強い女性はマネージャーのような、常に気を使ってくれて、お世話してくれる男性が合ってるのかもしれない。,neutral,0.7957,neutral
https://news.yahoo.co.jp/articles/50d19d083c2feae14b3804a129e7b3d8f3b79316,永野芽郁に元マネージャー男性と“おそろいコーデ”旅行報道「二股疑惑」から1年、CM「ゼロ」で愛用ブランドに漂う未練…は甚大だったようだ。 「騒動前の永野さんは透明感のあるイメージから、モスバーガーやサントリー、JCBなど大手企業のCMに10社以上、出演していました。SmartFLASHエンタメ総合4/14(火) 18:00,はじめて私は彼女の主演映画を観だしたが、、魅力を感じなかった。映画も面白くなく。開始30分で録画を削除した。常に私はWOWOWを多数録画しているので、次のを観る。,negative,0.9225,negative
https://news.yahoo.co.jp/articles/06dde80631e139af2ec9b01a3fea7df4501bfda3,モスバーガー公式の“ブレンドコーヒーおかわり”情報にSNS「知らなかった」「早く教えてよー」…かわりします」とコメント。モスバーガーのロゴが入った、ホットコーヒー入りのカップを写した写真を投稿しました。モスバーガーの「ブレンドコーヒー」を注…オトナンサーライフ総合4/14(火) 17:15,"昔、閉店10分くらい前に行って、
注文しようとしたら、片付けが始まっていて、断られたことがあった。

閉店近くの時間に行った自分も悪いかな、とも思ったが、
営業時間の表示を注文可能時間にして欲しいと、
本部にメールしたことがあった。
そのことは1店舗というより全店舗なので、店舗名は記さなかった。

返事のメールには、店舗名を知らせよ、という命令指示だった。
1店舗だけ指導しても、他店舗でも起こりえるので、
断れない表示にしてもらいたい、と返答したら、
恫喝するような、店舗名を知らせよ、という命令指示だった。
もちろん、注文拒否の謝罪は、全く無かった。

モスバーガーの本部は、
大日本帝国軍の様な組織、人材で、構成されいるのだろうと思った。",negative,0.487,negative
https://news.yahoo.co.jp/articles/06dde80631e139af2ec9b01a3fea7df4501bfda3,モスバーガー公式の“ブレンドコーヒーおかわり”情報にSNS「知らなかった」「早く教えてよー」…かわりします」とコメント。モスバーガーのロゴが入った、ホットコーヒー入りのカップを写した写真を投稿しました。モスバーガーの「ブレンドコーヒー」を注…オトナンサーライフ総合4/14(火) 17:15,モスバーガーのブレンドコーヒーおかわり制度は、実は店員さんも知らないことがあり、レシートを持っていったら「こちらが何か？」って顔されてしまったことがあります。スタバやタリーズならレシート持参＝おかわりって認識してくれるから、会話はサブ程度だけど、モスの場合はちゃんと意思表示を。,neutral,0.8921,neutral
https://news.yahoo.co.jp/articles/06dde80631e139af2ec9b01a3fea7df4501bfda3,モスバーガー公式の“ブレンドコーヒーおかわり”情報にSNS「知らなかった」「早く教えてよー」…かわりします」とコメント。モスバーガーのロゴが入った、ホットコーヒー入りのカップを写した写真を投稿しました。モスバーガーの「ブレンドコーヒー」を注…オトナンサーライフ総合4/14(火) 17:15,スタバのお代わりは別店舗もOKだけどモスは発行店舗だけなんだね、もっともモスに朝晩別店舗で行く事は無いか。,neutral,0.9006,neutral
https://news.yahoo.co.jp/articles/06dde80631e139af2ec9b01a3fea7df4501bfda3,モスバーガー公式の“ブレンドコーヒーおかわり”情報にSNS「知らなかった」「早く教えてよー」…かわりします」とコメント。モスバーガーのロゴが入った、ホットコーヒー入りのカップを写した写真を投稿しました。モスバーガーの「ブレンドコーヒー」を注…オトナンサーライフ総合4/14(火) 17:15,そんなことよりLサイズ作ってください。,neutral,0.8909,negative
https://news.yahoo.co.jp/articles/06dde80631e139af2ec9b01a3fea7df4501bfda3,モスバーガー公式の“ブレンドコーヒーおかわり”情報にSNS「知らなかった」「早く教えてよー」…かわりします」とコメント。モスバーガーのロゴが入った、ホットコーヒー入りのカップを写した写真を投稿しました。モスバーガーの「ブレンドコーヒー」を注…オトナンサーライフ総合4/14(火) 17:15,"ミスドならおかわり無料だぞ
yahooって妙にモスバーガー上げ多いな
スポンサーか？",neutral,0.9536,neutral
https://news.yahoo.co.jp/articles/06dde80631e139af2ec9b01a3fea7df4501bfda3,モスバーガー公式の“ブレンドコーヒーおかわり”情報にSNS「知らなかった」「早く教えてよー」…かわりします」とコメント。モスバーガーのロゴが入った、ホットコーヒー入りのカップを写した写真を投稿しました。モスバーガーの「ブレンドコーヒー」を注…オトナンサーライフ総合4/14(火) 17:15,"フレッシュネスバーガーもそんな感じよ

スタバもね",positive,0.5988,negative
https://news.yahoo.co.jp/articles/06dde80631e139af2ec9b01a3fea7df4501bfda3,モスバーガー公式の“ブレンドコーヒーおかわり”情報にSNS「知らなかった」「早く教えてよー」…かわりします」とコメント。モスバーガーのロゴが入った、ホットコーヒー入りのカップを写した写真を投稿しました。モスバーガーの「ブレンドコーヒー」を注…オトナンサーライフ総合4/14(火) 17:15,まず300円ってのが高過ぎ,negative,0.6784,negative
https://news.yahoo.co.jp/articles/06dde80631e139af2ec9b01a3fea7df4501bfda3,モスバーガー公式の“ブレンドコーヒーおかわり”情報にSNS「知らなかった」「早く教えてよー」…かわりします」とコメント。モスバーガーのロゴが入った、ホットコーヒー入りのカップを写した写真を投稿しました。モスバーガーの「ブレンドコーヒー」を注…オトナンサーライフ総合4/14(火) 17:15,3杯目は・・・,neutral,0.8707,neutral
https://news.yahoo.co.jp/articles/80aa2511caf5b074386eb1df45333f8954799814,マクドナルド「株主優待券5000円分」が“3000円”で売られてるのを発見！ でも“転売品は規約違反”なら「買うだけ損」ですか？ 優待内容や必要投資額も確認…ょうか。本記事では、マクドナルドの株主優待の内容・必要な投資額・フリマアプリで購入した際のリスクについて解説します。マクドナルドの株主優待券とはマ…ファイナンシャルフィールド経済総合4/17(金) 13:20,"マクドナルドは今のところ紙の優待券だけれど、
他飲食業でも紙から電子優待に切り替わりつつあるから注意が必要。
紙で届いた優待券を電子優待に変換しようとしても、既に優待が引き抜かれた後とか普通にあり得てきている",neutral,0.5089,neutral
https://news.yahoo.co.jp/articles/80aa2511caf5b074386eb1df45333f8954799814,マクドナルド「株主優待券5000円分」が“3000円”で売られてるのを発見！ でも“転売品は規約違反”なら「買うだけ損」ですか？ 優待内容や必要投資額も確認…ょうか。本記事では、マクドナルドの株主優待の内容・必要な投資額・フリマアプリで購入した際のリスクについて解説します。マクドナルドの株主優待券とはマ…ファイナンシャルフィールド経済総合4/17(金) 13:20,倍ビックマック、ポテトＬ、シェイクＬ(優待だとLが注文できる)で1500円位、×６枚で9000円相当になる、シェイクLは500ml位あって冷凍すればアイスクリーム500円相当、色々食べたいが、ケチなのでいつも同じ注文、優待を1円単位で使えるマックカードにして欲しい,neutral,0.5538,neutral
https://news.yahoo.co.jp/articles/80aa2511caf5b074386eb1df45333f8954799814,マクドナルド「株主優待券5000円分」が“3000円”で売られてるのを発見！ でも“転売品は規約違反”なら「買うだけ損」ですか？ 優待内容や必要投資額も確認…ょうか。本記事では、マクドナルドの株主優待の内容・必要な投資額・フリマアプリで購入した際のリスクについて解説します。マクドナルドの株主優待券とはマ…ファイナンシャルフィールド経済総合4/17(金) 13:20,"転売品の優待についてお答えしない
ということは結局暗に認めてるようなもん
そもそも欲しかったら株を買って
という最後のまとめだけど７７万払って１年継続保有してやっともらえるものを買わないと思う。",positive,0.6458,negative
https://news.yahoo.co.jp/articles/80aa2511caf5b074386eb1df45333f8954799814,マクドナルド「株主優待券5000円分」が“3000円”で売られてるのを発見！ でも“転売品は規約違反”なら「買うだけ損」ですか？ 優待内容や必要投資額も確認…ょうか。本記事では、マクドナルドの株主優待の内容・必要な投資額・フリマアプリで購入した際のリスクについて解説します。マクドナルドの株主優待券とはマ…ファイナンシャルフィールド経済総合4/17(金) 13:20,"そんなこと言ったら金券ショップに鉄道や航空系の割引券が売っているけどね。マックの場合というか、株主優待には興味はなく、株価の上昇を期待している人からしたら、手元で余らせるより、千円で売って現金にする→金券ショップが三千円で売る→購入者が高い種類をの商品を買って五千円分くらいにするの流れだろう。マックの店員はこの人本当に株主なのだろうか？って確認しないけどね。
メルカリだとしたら、メルカリ側が違反商品として取り下げないと。",neutral,0.9085,neutral
https://news.yahoo.co.jp/articles/80aa2511caf5b074386eb1df45333f8954799814,マクドナルド「株主優待券5000円分」が“3000円”で売られてるのを発見！ でも“転売品は規約違反”なら「買うだけ損」ですか？ 優待内容や必要投資額も確認…ょうか。本記事では、マクドナルドの株主優待の内容・必要な投資額・フリマアプリで購入した際のリスクについて解説します。マクドナルドの株主優待券とはマ…ファイナンシャルフィールド経済総合4/17(金) 13:20,"マクドの株は優待除いたら利回り1%ぐらいだから投資面では弱いよね。
有事で下がりにくいというメリットはあるが、
好景気では上がりにくい謎の値動きをする。",neutral,0.6146,negative
https://news.yahoo.co.jp/articles/80aa2511caf5b074386eb1df45333f8954799814,マクドナルド「株主優待券5000円分」が“3000円”で売られてるのを発見！ でも“転売品は規約違反”なら「買うだけ損」ですか？ 優待内容や必要投資額も確認…ょうか。本記事では、マクドナルドの株主優待の内容・必要な投資額・フリマアプリで購入した際のリスクについて解説します。マクドナルドの株主優待券とはマ…ファイナンシャルフィールド経済総合4/17(金) 13:20,"マクドナルドの株主優待券で、普段食べれない高額なハンバーガーを食べてます
金券ショップでも高くは売れず、自分で使った方がいいかと、使ってます",neutral,0.8475,neutral
https://news.yahoo.co.jp/articles/80aa2511caf5b074386eb1df45333f8954799814,マクドナルド「株主優待券5000円分」が“3000円”で売られてるのを発見！ でも“転売品は規約違反”なら「買うだけ損」ですか？ 優待内容や必要投資額も確認…ょうか。本記事では、マクドナルドの株主優待の内容・必要な投資額・フリマアプリで購入した際のリスクについて解説します。マクドナルドの株主優待券とはマ…ファイナンシャルフィールド経済総合4/17(金) 13:20,"マクドナルド「株主優待券5000円分」というのは存在しなく、ハンバーガーやドリンク引換券が正しい。
しかも、5000円分相当と交換できるのが3000円だと、かなり安い。
どこで売ってるのか教えろ。",neutral,0.8789,negative
https://news.yahoo.co.jp/articles/80aa2511caf5b074386eb1df45333f8954799814,マクドナルド「株主優待券5000円分」が“3000円”で売られてるのを発見！ でも“転売品は規約違反”なら「買うだけ損」ですか？ 優待内容や必要投資額も確認…ょうか。本記事では、マクドナルドの株主優待の内容・必要な投資額・フリマアプリで購入した際のリスクについて解説します。マクドナルドの株主優待券とはマ…ファイナンシャルフィールド経済総合4/17(金) 13:20,">>フリマアプリでの購入は転売禁止の規約に反するうえ、精巧な偽造品も多く出回っているため、使えなくても返金は受けられません。

転売禁止ならば、そもそも掲載させてはダメだろ！とフリマサイトに言いたい。",negative,0.6735,negative
https://news.yahoo.co.jp/articles/80aa2511caf5b074386eb1df45333f8954799814,マクドナルド「株主優待券5000円分」が“3000円”で売られてるのを発見！ でも“転売品は規約違反”なら「買うだけ損」ですか？ 優待内容や必要投資額も確認…ょうか。本記事では、マクドナルドの株主優待の内容・必要な投資額・フリマアプリで購入した際のリスクについて解説します。マクドナルドの株主優待券とはマ…ファイナンシャルフィールド経済総合4/17(金) 13:20,"＞転売品の優待についてお答えしない
使い方がたどたどしい人がいたら問い詰めて、無効にすればマック側が儲かる。

使い方を時々変更してみると面白いかもしれない。",positive,0.8206,positive
https://news.yahoo.co.jp/articles/80aa2511caf5b074386eb1df45333f8954799814,マクドナルド「株主優待券5000円分」が“3000円”で売られてるのを発見！ でも“転売品は規約違反”なら「買うだけ損」ですか？ 優待内容や必要投資額も確認…ょうか。本記事では、マクドナルドの株主優待の内容・必要な投資額・フリマアプリで購入した際のリスクについて解説します。マクドナルドの株主優待券とはマ…ファイナンシャルフィールド経済総合4/17(金) 13:20,マックの株主優待券は、ハンバーガー類、ポテト、ドリンクに別れているし、5000円分はどう計算して出したか疑問。確実に詐欺と言える。,negative,0.7491,negative
https://news.yahoo.co.jp/articles/9d300a8704e50a35da5b76336835227b009fb494,マクドナルド、「刃牙」コラボ「バキ恋、はじまる」日本マクドナルドは公式Xアカウントにて、次のコラボの画像を投稿した。 　投稿されたのは、「刃牙」シリーズに登場する範馬刃牙と列海王に加え、徳川寒子…GAME Watchエンタメ総合4/17(金) 12:11,"マクドとアニメのコラボが目立っている。
次は何とコラボだろうか。
秋になったら、月見バーガーシリーズとコラボした時は、『セーラームーン』とコラボだろうか。",positive,0.8192,neutral
https://news.yahoo.co.jp/articles/9d300a8704e50a35da5b76336835227b009fb494,マクドナルド、「刃牙」コラボ「バキ恋、はじまる」日本マクドナルドは公式Xアカウントにて、次のコラボの画像を投稿した。 　投稿されたのは、「刃牙」シリーズに登場する範馬刃牙と列海王に加え、徳川寒子…GAME Watchエンタメ総合4/17(金) 12:11,絵柄や書体が某ときめもチックなのは気のせいか？,negative,0.5635,negative
https://news.yahoo.co.jp/articles/9d300a8704e50a35da5b76336835227b009fb494,マクドナルド、「刃牙」コラボ「バキ恋、はじまる」日本マクドナルドは公式Xアカウントにて、次のコラボの画像を投稿した。 　投稿されたのは、「刃牙」シリーズに登場する範馬刃牙と列海王に加え、徳川寒子…GAME Watchエンタメ総合4/17(金) 12:11,バキ童からバキ恋を経てバキ特別編SAGAへ至る。,neutral,0.7067,neutral
https://news.yahoo.co.jp/articles/9d300a8704e50a35da5b76336835227b009fb494,マクドナルド、「刃牙」コラボ「バキ恋、はじまる」日本マクドナルドは公式Xアカウントにて、次のコラボの画像を投稿した。 　投稿されたのは、「刃牙」シリーズに登場する範馬刃牙と列海王に加え、徳川寒子…GAME Watchエンタメ総合4/17(金) 12:11,私はいっこうに構わんっ！,negative,0.7933,negative
https://news.yahoo.co.jp/articles/db26eb803fe6474126d68b32e44e0c05c4173a94,マクドナルド、謎のビジュアル公開でネット衝撃　野沢雅子？そっくりな美少女に「情報量が多すぎるッ！w」マクドナルドは17日、公式Xを更新し、アニメ『刃牙』とコラボレーションした謎のビジュアルを公開した。また、中央には声優・野沢雅子と思われる人物がお…オリコンエンタメ総合4/17(金) 11:37,"内容とは異なるが
声優 野沢雅子氏の声といえば
ドラゴンボールの悟空 悟飯 悟天
あまりにも有名だが
以前の
銀河鉄道999での鉄郎等も味わい深い
それと
映画の吹替での
インディジョーンズでのアジア系の可愛い少年（キーホイクアン）の声
グーニーズでのマウス（コリーフェルドマン）の声もとてもいい",positive,0.9734,positive
https://news.yahoo.co.jp/articles/db26eb803fe6474126d68b32e44e0c05c4173a94,マクドナルド、謎のビジュアル公開でネット衝撃　野沢雅子？そっくりな美少女に「情報量が多すぎるッ！w」マクドナルドは17日、公式Xを更新し、アニメ『刃牙』とコラボレーションした謎のビジュアルを公開した。また、中央には声優・野沢雅子と思われる人物がお…オリコンエンタメ総合4/17(金) 11:37,今や大ベテランである大塚明夫さんは、父親である大塚周夫さんと初アニメ化されたゲゲゲの鬼太郎で共演していた野沢雅子さんにオムツを取り替えてもらったことがあるらしい。,neutral,0.8112,neutral
https://news.yahoo.co.jp/articles/db26eb803fe6474126d68b32e44e0c05c4173a94,マクドナルド、謎のビジュアル公開でネット衝撃　野沢雅子？そっくりな美少女に「情報量が多すぎるッ！w」マクドナルドは17日、公式Xを更新し、アニメ『刃牙』とコラボレーションした謎のビジュアルを公開した。また、中央には声優・野沢雅子と思われる人物がお…オリコンエンタメ総合4/17(金) 11:37,"昔のマクドは他社キャラに頼らないってスタンスだった
メモ用のペンだって他社キャラ入りは使用禁止にしてたくらい
まぁ、コレも時代ってヤツですかね…
変わったなぁ、と思う",neutral,0.8051,neutral
https://news.yahoo.co.jp/articles/db26eb803fe6474126d68b32e44e0c05c4173a94,マクドナルド、謎のビジュアル公開でネット衝撃　野沢雅子？そっくりな美少女に「情報量が多すぎるッ！w」マクドナルドは17日、公式Xを更新し、アニメ『刃牙』とコラボレーションした謎のビジュアルを公開した。また、中央には声優・野沢雅子と思われる人物がお…オリコンエンタメ総合4/17(金) 11:37,マクドナルドと刃牙と美少女キャラ化した野沢雅子というカオス過ぎるコラボ,neutral,0.7847,neutral
https://news.yahoo.co.jp/articles/db26eb803fe6474126d68b32e44e0c05c4173a94,マクドナルド、謎のビジュアル公開でネット衝撃　野沢雅子？そっくりな美少女に「情報量が多すぎるッ！w」マクドナルドは17日、公式Xを更新し、アニメ『刃牙』とコラボレーションした謎のビジュアルを公開した。また、中央には声優・野沢雅子と思われる人物がお…オリコンエンタメ総合4/17(金) 11:37,かわいい女の子の役がこないのよね…みたいなお話を以前されていたような記憶がある。,negative,0.7376,neutral
https://news.yahoo.co.jp/articles/db26eb803fe6474126d68b32e44e0c05c4173a94,マクドナルド、謎のビジュアル公開でネット衝撃　野沢雅子？そっくりな美少女に「情報量が多すぎるッ！w」マクドナルドは17日、公式Xを更新し、アニメ『刃牙』とコラボレーションした謎のビジュアルを公開した。また、中央には声優・野沢雅子と思われる人物がお…オリコンエンタメ総合4/17(金) 11:37,髪の毛の部分が「ときメモ」とかのあの時代のドット絵を彷彿させる,neutral,0.7107,neutral
https://news.yahoo.co.jp/articles/db26eb803fe6474126d68b32e44e0c05c4173a94,マクドナルド、謎のビジュアル公開でネット衝撃　野沢雅子？そっくりな美少女に「情報量が多すぎるッ！w」マクドナルドは17日、公式Xを更新し、アニメ『刃牙』とコラボレーションした謎のビジュアルを公開した。また、中央には声優・野沢雅子と思われる人物がお…オリコンエンタメ総合4/17(金) 11:37,オラ、野沢先生には、いつまでも元気で、悟空をやって欲しいっゾ,positive,0.9386,positive
https://news.yahoo.co.jp/articles/db26eb803fe6474126d68b32e44e0c05c4173a94,マクドナルド、謎のビジュアル公開でネット衝撃　野沢雅子？そっくりな美少女に「情報量が多すぎるッ！w」マクドナルドは17日、公式Xを更新し、アニメ『刃牙』とコラボレーションした謎のビジュアルを公開した。また、中央には声優・野沢雅子と思われる人物がお…オリコンエンタメ総合4/17(金) 11:37,"野沢キャラだけど
つっえぇやつで、ワクワクするぞぅ
とかいいそう",positive,0.9893,neutral
https://news.yahoo.co.jp/articles/db26eb803fe6474126d68b32e44e0c05c4173a94,マクドナルド、謎のビジュアル公開でネット衝撃　野沢雅子？そっくりな美少女に「情報量が多すぎるッ！w」マクドナルドは17日、公式Xを更新し、アニメ『刃牙』とコラボレーションした謎のビジュアルを公開した。また、中央には声優・野沢雅子と思われる人物がお…オリコンエンタメ総合4/17(金) 11:37,実質ドラゴンボールと刃牙のコラボ,neutral,0.6981,neutral
https://news.yahoo.co.jp/articles/db26eb803fe6474126d68b32e44e0c05c4173a94,マクドナルド、謎のビジュアル公開でネット衝撃　野沢雅子？そっくりな美少女に「情報量が多すぎるッ！w」マクドナルドは17日、公式Xを更新し、アニメ『刃牙』とコラボレーションした謎のビジュアルを公開した。また、中央には声優・野沢雅子と思われる人物がお…オリコンエンタメ総合4/17(金) 11:37,徳川翁の姉役やってるからか,neutral,0.9406,neutral
https://news.yahoo.co.jp/articles/878682d57aa723d70a4ad43028236aa52b0e59d1,「最高です」『ガンダム』お笑い芸人（55歳）のコスプレ姿に「すばらしい」「すき」と反響…愛あふれるコスプレ姿　お笑い芸人のなだぎ武さんが、マクドナルドと『機動戦士ガンダム』のコラボキャンペーンに合わせてSNSに投稿した、ガンダムのコスプ…マグミクスエンタメ総合4/17(金) 11:35,関係ないですが、なだぎサウザーを思い出した。受付嬢とのやり取りが結構好き。,positive,0.987,positive
https://news.yahoo.co.jp/articles/878682d57aa723d70a4ad43028236aa52b0e59d1,「最高です」『ガンダム』お笑い芸人（55歳）のコスプレ姿に「すばらしい」「すき」と反響…愛あふれるコスプレ姿　お笑い芸人のなだぎ武さんが、マクドナルドと『機動戦士ガンダム』のコラボキャンペーンに合わせてSNSに投稿した、ガンダムのコスプ…マグミクスエンタメ総合4/17(金) 11:35,"ギレンってああ見えて35歳なのよね。
なだぎさんのギレン、おじいちゃんじゃないか",neutral,0.9034,neutral
https://news.yahoo.co.jp/articles/878682d57aa723d70a4ad43028236aa52b0e59d1,「最高です」『ガンダム』お笑い芸人（55歳）のコスプレ姿に「すばらしい」「すき」と反響…愛あふれるコスプレ姿　お笑い芸人のなだぎ武さんが、マクドナルドと『機動戦士ガンダム』のコラボキャンペーンに合わせてSNSに投稿した、ガンダムのコスプ…マグミクスエンタメ総合4/17(金) 11:35,スラッガーさんの最後の食事はハンバーガーでしたね。こりゃ第二弾はスレッガー中尉だな。,positive,0.8358,neutral
https://news.yahoo.co.jp/articles/878682d57aa723d70a4ad43028236aa52b0e59d1,「最高です」『ガンダム』お笑い芸人（55歳）のコスプレ姿に「すばらしい」「すき」と反響…愛あふれるコスプレ姿　お笑い芸人のなだぎ武さんが、マクドナルドと『機動戦士ガンダム』のコラボキャンペーンに合わせてSNSに投稿した、ガンダムのコスプ…マグミクスエンタメ総合4/17(金) 11:35,"サウザーにギレンザビ
、、、要は銀河万丈が声当ててる人ですね",positive,0.6246,neutral
https://news.yahoo.co.jp/articles/878682d57aa723d70a4ad43028236aa52b0e59d1,「最高です」『ガンダム』お笑い芸人（55歳）のコスプレ姿に「すばらしい」「すき」と反響…愛あふれるコスプレ姿　お笑い芸人のなだぎ武さんが、マクドナルドと『機動戦士ガンダム』のコラボキャンペーンに合わせてSNSに投稿した、ガンダムのコスプ…マグミクスエンタメ総合4/17(金) 11:35,見た目全然違うんだけど、表情が面白いんでOKと言ってしまう,positive,0.8895,positive
https://news.yahoo.co.jp/articles/878682d57aa723d70a4ad43028236aa52b0e59d1,「最高です」『ガンダム』お笑い芸人（55歳）のコスプレ姿に「すばらしい」「すき」と反響…愛あふれるコスプレ姿　お笑い芸人のなだぎ武さんが、マクドナルドと『機動戦士ガンダム』のコラボキャンペーンに合わせてSNSに投稿した、ガンダムのコスプ…マグミクスエンタメ総合4/17(金) 11:35,次はサウザーでお願いします,neutral,0.75,neutral
https://news.yahoo.co.jp/articles/878682d57aa723d70a4ad43028236aa52b0e59d1,「最高です」『ガンダム』お笑い芸人（55歳）のコスプレ姿に「すばらしい」「すき」と反響…愛あふれるコスプレ姿　お笑い芸人のなだぎ武さんが、マクドナルドと『機動戦士ガンダム』のコラボキャンペーンに合わせてSNSに投稿した、ガンダムのコスプ…マグミクスエンタメ総合4/17(金) 11:35,そこは「食べよ国民！」じゃないのか,neutral,0.763,neutral
https://news.yahoo.co.jp/articles/878682d57aa723d70a4ad43028236aa52b0e59d1,「最高です」『ガンダム』お笑い芸人（55歳）のコスプレ姿に「すばらしい」「すき」と反響…愛あふれるコスプレ姿　お笑い芸人のなだぎ武さんが、マクドナルドと『機動戦士ガンダム』のコラボキャンペーンに合わせてSNSに投稿した、ガンダムのコスプ…マグミクスエンタメ総合4/17(金) 11:35,ギレンというよりはサウザーｗ,neutral,0.9103,neutral
https://news.yahoo.co.jp/articles/878682d57aa723d70a4ad43028236aa52b0e59d1,「最高です」『ガンダム』お笑い芸人（55歳）のコスプレ姿に「すばらしい」「すき」と反響…愛あふれるコスプレ姿　お笑い芸人のなだぎ武さんが、マクドナルドと『機動戦士ガンダム』のコラボキャンペーンに合わせてSNSに投稿した、ガンダムのコスプ…マグミクスエンタメ総合4/17(金) 11:35,坊やだかさっ,neutral,0.6357,neutral
https://news.yahoo.co.jp/articles/6b0c85aef4ce4feb435fa8404ae99f20b1ad23d1,「絶対行かなきゃ」マクドナルド、次回コラボの“最強のシルエット”が1200万表示　「待って嘘でしょ」「最強なのは間違いない」日本マクドナルドは4月16日、公式X（Twitter）に次回コラボキャラのシルエットを公開。「私は一向に構わんッ！」「こんな日が来るとは」などの声があがっています。ねとらぼライフ総合4/17(金) 10:03,アニメゲームのコラボばっかりで、バーガーやサイドの味も値段も量も満足感がもうない。24hやってる店が多いってだけであんまり行ってない。行く人は是非700個食べて欲しいね。,negative,0.6348,negative
https://news.yahoo.co.jp/articles/6b0c85aef4ce4feb435fa8404ae99f20b1ad23d1,「絶対行かなきゃ」マクドナルド、次回コラボの“最強のシルエット”が1200万表示　「待って嘘でしょ」「最強なのは間違いない」日本マクドナルドは4月16日、公式X（Twitter）に次回コラボキャラのシルエットを公開。「私は一向に構わんッ！」「こんな日が来るとは」などの声があがっています。ねとらぼライフ総合4/17(金) 10:03,"マクドナルドはグッズのないコラボしてるけど、話題性だけで利益にならないのでは？
GUNDAMコラボはせめて、限定品のガンプラは作らないと意味がないと思う。
転売ヤーにビビりすぎ！",negative,0.5505,neutral
https://news.yahoo.co.jp/articles/6b0c85aef4ce4feb435fa8404ae99f20b1ad23d1,「絶対行かなきゃ」マクドナルド、次回コラボの“最強のシルエット”が1200万表示　「待って嘘でしょ」「最強なのは間違いない」日本マクドナルドは4月16日、公式X（Twitter）に次回コラボキャラのシルエットを公開。「私は一向に構わんッ！」「こんな日が来るとは」などの声があがっています。ねとらぼライフ総合4/17(金) 10:03,ノベルティすら付かず包装紙やコップに絵がかかれるだけのコラボが続いてるがSNSとかで少しでも盛り上がれば意味あるんか？？,neutral,0.5529,negative
https://news.yahoo.co.jp/articles/6b0c85aef4ce4feb435fa8404ae99f20b1ad23d1,「絶対行かなきゃ」マクドナルド、次回コラボの“最強のシルエット”が1200万表示　「待って嘘でしょ」「最強なのは間違いない」日本マクドナルドは4月16日、公式X（Twitter）に次回コラボキャラのシルエットを公開。「私は一向に構わんッ！」「こんな日が来るとは」などの声があがっています。ねとらぼライフ総合4/17(金) 10:03,コラボをするのはいいけどそれに着いてくる景品がしょっぱい気がする。,negative,0.9639,negative
https://news.yahoo.co.jp/articles/6b0c85aef4ce4feb435fa8404ae99f20b1ad23d1,「絶対行かなきゃ」マクドナルド、次回コラボの“最強のシルエット”が1200万表示　「待って嘘でしょ」「最強なのは間違いない」日本マクドナルドは4月16日、公式X（Twitter）に次回コラボキャラのシルエットを公開。「私は一向に構わんッ！」「こんな日が来るとは」などの声があがっています。ねとらぼライフ総合4/17(金) 10:03,"これはマクドナルドがお金払って宣伝してんの？
毎回同じような内容と見出しなんだが…",neutral,0.7555,negative
https://news.yahoo.co.jp/articles/6b0c85aef4ce4feb435fa8404ae99f20b1ad23d1,「絶対行かなきゃ」マクドナルド、次回コラボの“最強のシルエット”が1200万表示　「待って嘘でしょ」「最強なのは間違いない」日本マクドナルドは4月16日、公式X（Twitter）に次回コラボキャラのシルエットを公開。「私は一向に構わんッ！」「こんな日が来るとは」などの声があがっています。ねとらぼライフ総合4/17(金) 10:03,渡辺銀次さんとのコラボグッズはまだですか？,neutral,0.7306,negative
https://news.yahoo.co.jp/articles/6b0c85aef4ce4feb435fa8404ae99f20b1ad23d1,「絶対行かなきゃ」マクドナルド、次回コラボの“最強のシルエット”が1200万表示　「待って嘘でしょ」「最強なのは間違いない」日本マクドナルドは4月16日、公式X（Twitter）に次回コラボキャラのシルエットを公開。「私は一向に構わんッ！」「こんな日が来るとは」などの声があがっています。ねとらぼライフ総合4/17(金) 10:03,コラボする度転売されるだけ,neutral,0.8464,negative
https://news.yahoo.co.jp/articles/0ebccf90989c65a273d7df32db1bf7ea60b209cd,「うおお！」マクドナルドの“超人気バトルマンガ”コラボ匂わせ投稿に「激アツ」「シルエットばればれ」…ナゾの3人目の正体は？　2026年4月16日、マクドナルドが公式Xにて、次回コラボの匂わせ投稿を連続公開し、「激アツ」「シルエットだけで分かった」な…マグミクスエンタメ総合4/17(金) 7:35,"私の環境では

マクドナルドの“超人
気バトルマンガ”コラボ

と表示され
キン肉マンが牛丼捨ててハンバーガーに参戦したのかと一瞬思った
そしてテリーマンが確か好物ハンバーガーだったような気がして
なくもないコラボかなあと思った今日この頃",positive,0.5157,negative
https://news.yahoo.co.jp/articles/0ebccf90989c65a273d7df32db1bf7ea60b209cd,「うおお！」マクドナルドの“超人気バトルマンガ”コラボ匂わせ投稿に「激アツ」「シルエットばればれ」…ナゾの3人目の正体は？　2026年4月16日、マクドナルドが公式Xにて、次回コラボの匂わせ投稿を連続公開し、「激アツ」「シルエットだけで分かった」な…マグミクスエンタメ総合4/17(金) 7:35,"刃牙なあ…
結局作中時間もほとんど進んでないのに連載長すぎでテンポが多少悪く、
世界観がインフレしまくってる点はワンピのように思える時もあるが

連載も近年は休んでばかりだし完結はどう締めくくるのだろう？
それとも延々と続けるのだろうか

勇次郎がそのうち宇宙に行きそうだな",neutral,0.7733,neutral
https://news.yahoo.co.jp/articles/0ebccf90989c65a273d7df32db1bf7ea60b209cd,「うおお！」マクドナルドの“超人気バトルマンガ”コラボ匂わせ投稿に「激アツ」「シルエットばればれ」…ナゾの3人目の正体は？　2026年4月16日、マクドナルドが公式Xにて、次回コラボの匂わせ投稿を連続公開し、「激アツ」「シルエットだけで分かった」な…マグミクスエンタメ総合4/17(金) 7:35,"マックのCMとか、
なんか凄くいい昭和世代にささる　ルナチーとか、
ドンデコルテの銀次さんのとか、いいのもあれば、
日清かと思うような変なのもある",neutral,0.8535,neutral
https://news.yahoo.co.jp/articles/0ebccf90989c65a273d7df32db1bf7ea60b209cd,「うおお！」マクドナルドの“超人気バトルマンガ”コラボ匂わせ投稿に「激アツ」「シルエットばればれ」…ナゾの3人目の正体は？　2026年4月16日、マクドナルドが公式Xにて、次回コラボの匂わせ投稿を連続公開し、「激アツ」「シルエットだけで分かった」な…マグミクスエンタメ総合4/17(金) 7:35,"まぁ正直ここで知る話題じゃないだろとも思うけどね。
むしろおっさんおばさん世代が中心のSNSで既にバズって大盛り上がりの話題をヤフコメで知るって、
「私世間ズレしてます」って宣言しているようなもんだからなぁ",neutral,0.7294,neutral
https://news.yahoo.co.jp/articles/0ebccf90989c65a273d7df32db1bf7ea60b209cd,「うおお！」マクドナルドの“超人気バトルマンガ”コラボ匂わせ投稿に「激アツ」「シルエットばればれ」…ナゾの3人目の正体は？　2026年4月16日、マクドナルドが公式Xにて、次回コラボの匂わせ投稿を連続公開し、「激アツ」「シルエットだけで分かった」な…マグミクスエンタメ総合4/17(金) 7:35,"もうええよ⋯
品を変え名を変え
ほんの一手間加え新商品。
中身はほぼ変わらん。　
無駄なコラボ。
そして価格はあがる",positive,0.5781,negative
https://news.yahoo.co.jp/articles/0ebccf90989c65a273d7df32db1bf7ea60b209cd,「うおお！」マクドナルドの“超人気バトルマンガ”コラボ匂わせ投稿に「激アツ」「シルエットばればれ」…ナゾの3人目の正体は？　2026年4月16日、マクドナルドが公式Xにて、次回コラボの匂わせ投稿を連続公開し、「激アツ」「シルエットだけで分かった」な…マグミクスエンタメ総合4/17(金) 7:35,"「健康に良いものだけを摂る、これも健全とは言い難い。毒も喰らう、栄養も喰らう。これを血肉に変える度量」
まさにマクドナルド向けのセリフ",neutral,0.7111,neutral
https://news.yahoo.co.jp/articles/0ebccf90989c65a273d7df32db1bf7ea60b209cd,「うおお！」マクドナルドの“超人気バトルマンガ”コラボ匂わせ投稿に「激アツ」「シルエットばればれ」…ナゾの3人目の正体は？　2026年4月16日、マクドナルドが公式Xにて、次回コラボの匂わせ投稿を連続公開し、「激アツ」「シルエットだけで分かった」な…マグミクスエンタメ総合4/17(金) 7:35,マックのコラボって毎回意味あるのか？って思うくらい商品にコラボ感無い。,negative,0.8862,negative
https://news.yahoo.co.jp/articles/0ebccf90989c65a273d7df32db1bf7ea60b209cd,「うおお！」マクドナルドの“超人気バトルマンガ”コラボ匂わせ投稿に「激アツ」「シルエットばればれ」…ナゾの3人目の正体は？　2026年4月16日、マクドナルドが公式Xにて、次回コラボの匂わせ投稿を連続公開し、「激アツ」「シルエットだけで分かった」な…マグミクスエンタメ総合4/17(金) 7:35,3人目のシルエット、広告重くて中々見れなかったが、野沢雅子さんやね,neutral,0.8112,neutral
https://news.yahoo.co.jp/articles/0ebccf90989c65a273d7df32db1bf7ea60b209cd,「うおお！」マクドナルドの“超人気バトルマンガ”コラボ匂わせ投稿に「激アツ」「シルエットばればれ」…ナゾの3人目の正体は？　2026年4月16日、マクドナルドが公式Xにて、次回コラボの匂わせ投稿を連続公開し、「激アツ」「シルエットだけで分かった」な…マグミクスエンタメ総合4/17(金) 7:35,"また絵が変わるだけか
こんなのでコラボとか言うあこぎな商売",positive,0.683,positive
https://news.yahoo.co.jp/articles/0ebccf90989c65a273d7df32db1bf7ea60b209cd,「うおお！」マクドナルドの“超人気バトルマンガ”コラボ匂わせ投稿に「激アツ」「シルエットばればれ」…ナゾの3人目の正体は？　2026年4月16日、マクドナルドが公式Xにて、次回コラボの匂わせ投稿を連続公開し、「激アツ」「シルエットだけで分かった」な…マグミクスエンタメ総合4/17(金) 7:35,"刃牙かー！
てっきり浦安鉄筋家族かと思った！
ジンママの謎肉タツタ
フグオの原液カルピス
大鉄のタバコワンカートンバーガー",neutral,0.7089,neutral
https://news.yahoo.co.jp/articles/98eb75e35e14f2fada6872789abde6215371bfb5,チップ100ドルで非課税アピール、トランプ氏が選挙前に経済へ軸足転換…ている。 これに先立ちホワイトハウスは13日、ドアダッシュの配達員がマクドナルドの商品をトランプ氏に届ける様子を演出した。トランプ氏は配達員に対し、自…TBS CROSS DIG with Bloomberg経済総合4/17(金) 5:32,イラン問題をいつまでも解決出来ず原油高を放置。それで経済へ軸足転換とな？最初はイランの体制転換とか言っていたのに攻撃だ海峡封鎖だとゴールが動きまくり、1期目で批判していたはずのオバマ政権下でのイラン核合意すら下回る結果に。単に騒動大きくして経済を不安定にさせただけでは？,negative,0.9004,negative
https://news.yahoo.co.jp/articles/98eb75e35e14f2fada6872789abde6215371bfb5,チップ100ドルで非課税アピール、トランプ氏が選挙前に経済へ軸足転換…ている。 これに先立ちホワイトハウスは13日、ドアダッシュの配達員がマクドナルドの商品をトランプ氏に届ける様子を演出した。トランプ氏は配達員に対し、自…TBS CROSS DIG with Bloomberg経済総合4/17(金) 5:32,まぁトランプは、元々、全国民に支持されようとは思ってなくて、支持者であるキリスト教福音派と支援するイスラエルや、エリートが多いユダヤ系と共に、支持者である低所得層のチップを貰う層を非課税にしたり、支持者にピンポイントの政策で、支持者が繋ぎ止められればいいと考えて居るから、行き当たりばったりの政策ばかりやるんだろう,negative,0.6567,negative
https://news.yahoo.co.jp/articles/98eb75e35e14f2fada6872789abde6215371bfb5,チップ100ドルで非課税アピール、トランプ氏が選挙前に経済へ軸足転換…ている。 これに先立ちホワイトハウスは13日、ドアダッシュの配達員がマクドナルドの商品をトランプ氏に届ける様子を演出した。トランプ氏は配達員に対し、自…TBS CROSS DIG with Bloomberg経済総合4/17(金) 5:32,"トランプの言う「9つもの紛争を解決してきた。今度で１０個目だ。」と豪語してノーベル賞に意欲のようだが、イランでの小学校攻撃で１７５人以上の命を一瞬のうち奪った事実は消えない。
トランプ内閣の面々がトランプが喜ぶ報告で勘違い『幻聴・幻覚・妄想に酔いしれAIに作らさせた画像をSNSで発信』さぞご満悦なのでしょう。

バーチャルの中で思ったことを現実の中に無制限に放出され、言いたい放題、やりたい放題のトランプが、最低な評価を知る由もない。
強い方にへつらうばかり。
トランプ内閣（ルビオ・ベッセント・ヘグセス・ヴァンス・ワイルド・レビット・ラトニック他）の面々こそトランプから離れないと、アメリカ国をトランプ国に、そして世界から最も信用置けない国にしトランプショック・トランプ恐慌を作ったと記録に残ります。

間違い指導者トランプに従い続ける内閣の面々。後は無い。
トランプ失脚こそが最大の『世界平和』",negative,0.5423,negative
https://news.yahoo.co.jp/articles/98eb75e35e14f2fada6872789abde6215371bfb5,チップ100ドルで非課税アピール、トランプ氏が選挙前に経済へ軸足転換…ている。 これに先立ちホワイトハウスは13日、ドアダッシュの配達員がマクドナルドの商品をトランプ氏に届ける様子を演出した。トランプ氏は配達員に対し、自…TBS CROSS DIG with Bloomberg経済総合4/17(金) 5:32,チップ非課税？　アメリカのチップは面倒くさいし、高額だ　サービスも受けていないファーストフードの注文端末に請求ボタンがあるとも聞く　アメリカ国内だけならいいが　アメリカ人が海外のチップのない国でも払らおうとして　それに味をしめた飲食店が採用したりする　本当に迷惑な連中で　トランプがその元凶か,negative,0.9552,negative
https://news.yahoo.co.jp/articles/98eb75e35e14f2fada6872789abde6215371bfb5,チップ100ドルで非課税アピール、トランプ氏が選挙前に経済へ軸足転換…ている。 これに先立ちホワイトハウスは13日、ドアダッシュの配達員がマクドナルドの商品をトランプ氏に届ける様子を演出した。トランプ氏は配達員に対し、自…TBS CROSS DIG with Bloomberg経済総合4/17(金) 5:32,"明治だったか大正だったかの風刺画で、金持ちがお札に火を灯して女性の足元を照らす風刺画を思い出した。
日本とアメリカって基本的な観念が全然違うんだな。",neutral,0.8,neutral
https://news.yahoo.co.jp/articles/98eb75e35e14f2fada6872789abde6215371bfb5,チップ100ドルで非課税アピール、トランプ氏が選挙前に経済へ軸足転換…ている。 これに先立ちホワイトハウスは13日、ドアダッシュの配達員がマクドナルドの商品をトランプ氏に届ける様子を演出した。トランプ氏は配達員に対し、自…TBS CROSS DIG with Bloomberg経済総合4/17(金) 5:32,そう言えば、物価高に対して高関税で得た収入から全国民に数十万円程度配布すると言ってたが、アノ話は一体どうなったのだろう？まさか冗談て事じゃないよなナ？なんたって大統領の言葉だぜ。,neutral,0.6414,neutral
https://news.yahoo.co.jp/articles/98eb75e35e14f2fada6872789abde6215371bfb5,チップ100ドルで非課税アピール、トランプ氏が選挙前に経済へ軸足転換…ている。 これに先立ちホワイトハウスは13日、ドアダッシュの配達員がマクドナルドの商品をトランプ氏に届ける様子を演出した。トランプ氏は配達員に対し、自…TBS CROSS DIG with Bloomberg経済総合4/17(金) 5:32,アメリカではチップ制がスーパーのセルフレジにまで導入されて、チップ制をなくせと訴えている人が多くなってるらしいが,neutral,0.6263,neutral
https://news.yahoo.co.jp/articles/98eb75e35e14f2fada6872789abde6215371bfb5,チップ100ドルで非課税アピール、トランプ氏が選挙前に経済へ軸足転換…ている。 これに先立ちホワイトハウスは13日、ドアダッシュの配達員がマクドナルドの商品をトランプ氏に届ける様子を演出した。トランプ氏は配達員に対し、自…TBS CROSS DIG with Bloomberg経済総合4/17(金) 5:32,"既に、トランプ氏の言う事を間に受ける人がいるのであろうか？
民衆には、言動より行動を見る事を切に願う。",neutral,0.7963,neutral
https://news.yahoo.co.jp/articles/98eb75e35e14f2fada6872789abde6215371bfb5,チップ100ドルで非課税アピール、トランプ氏が選挙前に経済へ軸足転換…ている。 これに先立ちホワイトハウスは13日、ドアダッシュの配達員がマクドナルドの商品をトランプ氏に届ける様子を演出した。トランプ氏は配達員に対し、自…TBS CROSS DIG with Bloomberg経済総合4/17(金) 5:32,"この人のやる事に喜ぶのは”信者“だけです。
その人達から「USA!USA!」と叫ばれて悦にしたるトランプ大統領を観て喜ぶ団体芸。",positive,0.7448,neutral
https://news.yahoo.co.jp/articles/98eb75e35e14f2fada6872789abde6215371bfb5,チップ100ドルで非課税アピール、トランプ氏が選挙前に経済へ軸足転換…ている。 これに先立ちホワイトハウスは13日、ドアダッシュの配達員がマクドナルドの商品をトランプ氏に届ける様子を演出した。トランプ氏は配達員に対し、自…TBS CROSS DIG with Bloomberg経済総合4/17(金) 5:32,"失脚してくれ。
この精神状態では無理だ。
アメリカ国民はどう考えるのか。",negative,0.9024,negative
https://news.yahoo.co.jp/articles/086a4e81f56bb6e2dd4a1d00cc558993c548cda3,中東のマック、人気アニメコラボで「日本よりも本気」と話題　“領域展開セット”の中身とは？…サウジアラビアのマクドナルド（McDonald's KSA）では16日現在、人気アニメ『呪術廻戦』とのコラボレーションによる特別メニューが販売されて…オタク総研エンタメ総合4/16(木) 20:49,">国内からも日本に負けない本気度として注目を集めている。
今日本のマックでやってるガンダムとのコラボは、プラスチックのカップの絵柄とバーガーを包んでる箱の絵柄がガンダムってだけだからね
0-10ぐらいで日本負けてるよ",positive,0.5799,negative
https://news.yahoo.co.jp/articles/086a4e81f56bb6e2dd4a1d00cc558993c548cda3,中東のマック、人気アニメコラボで「日本よりも本気」と話題　“領域展開セット”の中身とは？…サウジアラビアのマクドナルド（McDonald's KSA）では16日現在、人気アニメ『呪術廻戦』とのコラボレーションによる特別メニューが販売されて…オタク総研エンタメ総合4/16(木) 20:49,"domain expantionじゃなくてローマ字読みの方なんだな
中東だと",neutral,0.9143,neutral
https://news.yahoo.co.jp/articles/0c9549de0b29d7b5e10c777a8a3586cfb8f32a7d,「箱だけほしい…」マックナゲットの“サンリオBOX”に注目集まる、15ピース・490円の割引企画にあわせて登場…ファストフードチェーン「マクドナルド」（代表：トーマス・コウ）の人気サイドメニュー「チキンマックナゲット」が、4月22日から4週間限定でお得に。これ…Lmaga.jpライフ総合4/16(木) 20:45,>SNSでは、「パケ買いする」「これ箱再利用できるかな…」「箱だけほしい」「さすがにこの箱は取っておけないよなぁ」と反響を呼んでいる。,neutral,0.6574,neutral
https://news.yahoo.co.jp/articles/0c9549de0b29d7b5e10c777a8a3586cfb8f32a7d,「箱だけほしい…」マックナゲットの“サンリオBOX”に注目集まる、15ピース・490円の割引企画にあわせて登場…ファストフードチェーン「マクドナルド」（代表：トーマス・コウ）の人気サイドメニュー「チキンマックナゲット」が、4月22日から4週間限定でお得に。これ…Lmaga.jpライフ総合4/16(木) 20:45,"マックはコラボばかりで味や値段で勝負する気ないな…
自信がないのかな…",negative,0.8232,negative
https://news.yahoo.co.jp/articles/0c9549de0b29d7b5e10c777a8a3586cfb8f32a7d,「箱だけほしい…」マックナゲットの“サンリオBOX”に注目集まる、15ピース・490円の割引企画にあわせて登場…ファストフードチェーン「マクドナルド」（代表：トーマス・コウ）の人気サイドメニュー「チキンマックナゲット」が、4月22日から4週間限定でお得に。これ…Lmaga.jpライフ総合4/16(木) 20:45,ガンダムのやつ、欲しい,positive,0.6923,positive
https://news.yahoo.co.jp/articles/03e4144e884449262d20adae52ed4f6e762a1f50,マクドナルド次回コラボは「刃牙」か？ シルエット貫通してる画像公開日本マクドナルドは公式Xアカウントにて、次のコラボと思われるシルエット画像を投稿した。 　公開されたのは、「刃牙」シリーズに登場する範馬刃牙、列海…GAME Watchエンタメ総合4/16(木) 19:07,"過剰な油分…塩分…保存料…　様々な化学物質　身体によかろうハズもない。
しかし、だからとて健康にいいものだけを採る。これも健全とは言い難い。
毒も喰らう 栄養も喰らう。両方を共に美味いと感じ血肉に変える度量こそが食には肝要だ",neutral,0.5702,neutral
https://news.yahoo.co.jp/articles/03e4144e884449262d20adae52ed4f6e762a1f50,マクドナルド次回コラボは「刃牙」か？ シルエット貫通してる画像公開日本マクドナルドは公式Xアカウントにて、次のコラボと思われるシルエット画像を投稿した。 　公開されたのは、「刃牙」シリーズに登場する範馬刃牙、列海…GAME Watchエンタメ総合4/16(木) 19:07,"徳川寒子役を演じた声優・野沢雅子さんと思われるシルエット画像　
え！範馬勇次郎じゃないの？",neutral,0.9516,neutral
https://news.yahoo.co.jp/articles/03e4144e884449262d20adae52ed4f6e762a1f50,マクドナルド次回コラボは「刃牙」か？ シルエット貫通してる画像公開日本マクドナルドは公式Xアカウントにて、次のコラボと思われるシルエット画像を投稿した。 　公開されたのは、「刃牙」シリーズに登場する範馬刃牙、列海…GAME Watchエンタメ総合4/16(木) 19:07,コラボの意味がわからない…。ガンダムだって箱に絵が描いてるだけでしょう？,negative,0.5374,negative
https://news.yahoo.co.jp/articles/03e4144e884449262d20adae52ed4f6e762a1f50,マクドナルド次回コラボは「刃牙」か？ シルエット貫通してる画像公開日本マクドナルドは公式Xアカウントにて、次のコラボと思われるシルエット画像を投稿した。 　公開されたのは、「刃牙」シリーズに登場する範馬刃牙、列海…GAME Watchエンタメ総合4/16(木) 19:07,コラボ商品はソース濃い目のメニューになりそう。,positive,0.5733,positive
https://news.yahoo.co.jp/articles/03e4144e884449262d20adae52ed4f6e762a1f50,マクドナルド次回コラボは「刃牙」か？ シルエット貫通してる画像公開日本マクドナルドは公式Xアカウントにて、次のコラボと思われるシルエット画像を投稿した。 　公開されたのは、「刃牙」シリーズに登場する範馬刃牙、列海…GAME Watchエンタメ総合4/16(木) 19:07,炭酸抜きコーラ。,neutral,0.9348,neutral
https://news.yahoo.co.jp/articles/03e4144e884449262d20adae52ed4f6e762a1f50,マクドナルド次回コラボは「刃牙」か？ シルエット貫通してる画像公開日本マクドナルドは公式Xアカウントにて、次のコラボと思われるシルエット画像を投稿した。 　公開されたのは、「刃牙」シリーズに登場する範馬刃牙、列海…GAME Watchエンタメ総合4/16(木) 19:07,烈海王が ｢マックチャオ復活ッッ！｣とかないかなあ笑,positive,0.5066,positive
https://news.yahoo.co.jp/articles/03e4144e884449262d20adae52ed4f6e762a1f50,マクドナルド次回コラボは「刃牙」か？ シルエット貫通してる画像公開日本マクドナルドは公式Xアカウントにて、次のコラボと思われるシルエット画像を投稿した。 　公開されたのは、「刃牙」シリーズに登場する範馬刃牙、列海…GAME Watchエンタメ総合4/16(木) 19:07,真ん中、作者じゃね？,neutral,0.9643,neutral
https://news.yahoo.co.jp/articles/03e4144e884449262d20adae52ed4f6e762a1f50,マクドナルド次回コラボは「刃牙」か？ シルエット貫通してる画像公開日本マクドナルドは公式Xアカウントにて、次のコラボと思われるシルエット画像を投稿した。 　公開されたのは、「刃牙」シリーズに登場する範馬刃牙、列海…GAME Watchエンタメ総合4/16(木) 19:07,バレバレではないかッッ,neutral,0.6979,neutral
https://news.yahoo.co.jp/articles/03e4144e884449262d20adae52ed4f6e762a1f50,マクドナルド次回コラボは「刃牙」か？ シルエット貫通してる画像公開日本マクドナルドは公式Xアカウントにて、次のコラボと思われるシルエット画像を投稿した。 　公開されたのは、「刃牙」シリーズに登場する範馬刃牙、列海…GAME Watchエンタメ総合4/16(木) 19:07,烈海王「裏返ったぁぁあ！！チキンタツタァァア！！」,positive,0.9359,positive
https://news.yahoo.co.jp/articles/03e4144e884449262d20adae52ed4f6e762a1f50,マクドナルド次回コラボは「刃牙」か？ シルエット貫通してる画像公開日本マクドナルドは公式Xアカウントにて、次のコラボと思われるシルエット画像を投稿した。 　公開されたのは、「刃牙」シリーズに登場する範馬刃牙、列海…GAME Watchエンタメ総合4/16(木) 19:07,エフッ、エフッ、エフッ、エフッ、エフッ、エフッ、アハッ、ハハハハハハハ,neutral,0.5761,neutral
https://news.yahoo.co.jp/articles/83d8f0c0431b36dcbbab935255292ed4c33d2b8f,このシルエットは…！マクドナルド公式が「刃牙」シリーズコラボを匂わせる画像を投稿…マクドナルドは、「刃牙」とのコラボを思わせる画像を投稿しました。 ◆まさかの刃牙コラボ！？マクドナルドが「刃牙」シリーズに登場するキャラクターと思…インサイドゲーム4/16(木) 19:05,"次から次へと漫画アニメ使って、、
値上げするくらいなら版権散財やめたら？こんなただCMや包み紙プリントなんかどうでもいいし昔のマクドナルドがブランドだった包み紙、パッケージの方が何千倍も良い。
グリマス、ハンバーグラーやビックマックポリス使ってマクドナルドをアピールしてくれた方がよほど価値があって貴重。
ちょっと方向性間違えてるよ",neutral,0.5555,negative
https://news.yahoo.co.jp/articles/83d8f0c0431b36dcbbab935255292ed4c33d2b8f,このシルエットは…！マクドナルド公式が「刃牙」シリーズコラボを匂わせる画像を投稿…マクドナルドは、「刃牙」とのコラボを思わせる画像を投稿しました。 ◆まさかの刃牙コラボ！？マクドナルドが「刃牙」シリーズに登場するキャラクターと思…インサイドゲーム4/16(木) 19:05,"最近のマクドナルドはコラボ商法ばかりですね。
何だかなぁ…。
私はガンダム好き何ですが、今やってるコラボには行ってません。",neutral,0.6251,negative
https://news.yahoo.co.jp/articles/83d8f0c0431b36dcbbab935255292ed4c33d2b8f,このシルエットは…！マクドナルド公式が「刃牙」シリーズコラボを匂わせる画像を投稿…マクドナルドは、「刃牙」とのコラボを思わせる画像を投稿しました。 ◆まさかの刃牙コラボ！？マクドナルドが「刃牙」シリーズに登場するキャラクターと思…インサイドゲーム4/16(木) 19:05,"サモ・・・ガプ・・・モニュモニュ・・・ギュウウウ・・・チュピ。
刃牙キャラがハンバーガー食べるとこんな感じの擬音なんですわ。",neutral,0.8263,neutral
https://news.yahoo.co.jp/articles/83d8f0c0431b36dcbbab935255292ed4c33d2b8f,このシルエットは…！マクドナルド公式が「刃牙」シリーズコラボを匂わせる画像を投稿…マクドナルドは、「刃牙」とのコラボを思わせる画像を投稿しました。 ◆まさかの刃牙コラボ！？マクドナルドが「刃牙」シリーズに登場するキャラクターと思…インサイドゲーム4/16(木) 19:05,"その手があったかぁ〜！
やはりあなたは天才だっ！！
バーガー復活！バーガー復活！バーガー復活！",positive,0.9759,positive
https://news.yahoo.co.jp/articles/83d8f0c0431b36dcbbab935255292ed4c33d2b8f,このシルエットは…！マクドナルド公式が「刃牙」シリーズコラボを匂わせる画像を投稿…マクドナルドは、「刃牙」とのコラボを思わせる画像を投稿しました。 ◆まさかの刃牙コラボ！？マクドナルドが「刃牙」シリーズに登場するキャラクターと思…インサイドゲーム4/16(木) 19:05,"刃牙、ドラクエ、過度なニコニコ動画擦り…
広報の世代が痛々しいほど露呈してていよいよ共感性羞恥の域。",negative,0.8645,neutral
https://news.yahoo.co.jp/articles/83d8f0c0431b36dcbbab935255292ed4c33d2b8f,このシルエットは…！マクドナルド公式が「刃牙」シリーズコラボを匂わせる画像を投稿…マクドナルドは、「刃牙」とのコラボを思わせる画像を投稿しました。 ◆まさかの刃牙コラボ！？マクドナルドが「刃牙」シリーズに登場するキャラクターと思…インサイドゲーム4/16(木) 19:05,パックマン的な雰囲気のバーガーがあるといいな。１０万キロカロリー取れるぐらいの(笑),positive,0.9555,positive
https://news.yahoo.co.jp/articles/83d8f0c0431b36dcbbab935255292ed4c33d2b8f,このシルエットは…！マクドナルド公式が「刃牙」シリーズコラボを匂わせる画像を投稿…マクドナルドは、「刃牙」とのコラボを思わせる画像を投稿しました。 ◆まさかの刃牙コラボ！？マクドナルドが「刃牙」シリーズに登場するキャラクターと思…インサイドゲーム4/16(木) 19:05,コラボと言っても包みのデザインだけですよね,neutral,0.9188,negative
https://news.yahoo.co.jp/articles/83d8f0c0431b36dcbbab935255292ed4c33d2b8f,このシルエットは…！マクドナルド公式が「刃牙」シリーズコラボを匂わせる画像を投稿…マクドナルドは、「刃牙」とのコラボを思わせる画像を投稿しました。 ◆まさかの刃牙コラボ！？マクドナルドが「刃牙」シリーズに登場するキャラクターと思…インサイドゲーム4/16(木) 19:05,わたしは一向にかまわんッッ,negative,0.981,negative
https://news.yahoo.co.jp/articles/83d8f0c0431b36dcbbab935255292ed4c33d2b8f,このシルエットは…！マクドナルド公式が「刃牙」シリーズコラボを匂わせる画像を投稿…マクドナルドは、「刃牙」とのコラボを思わせる画像を投稿しました。 ◆まさかの刃牙コラボ！？マクドナルドが「刃牙」シリーズに登場するキャラクターと思…インサイドゲーム4/16(木) 19:05,コーラ炭酸抜き頼めるのかな,neutral,0.9118,neutral
https://news.yahoo.co.jp/articles/c2ea713a159f3eb446b16854846417714c587923,マクドナルド「てりたまマフィンセット」の“二重価格”が話題！「羽田空港750円・長崎640円」…店舗によって値段が違うのは問題ない？ チェーン店が値段に差をつける理由とは…問題はないのかなどを解説します。マクドナルドの二重価格に関するSNSの投稿が話題に前記のとおり、「マクドナルドで同じメニューなのに価格が違う」とい…ファイナンシャルフィールドライフ総合4/16(木) 13:40,"羽田空港のマクドナルドの高さは最初見た時びっくりしましたよ。場所柄仕方ないとは思いますが。
その値段でも食べたい人は食べればいいし、納得できないなら隣のローソンでパンでも買えば良い。ローソンの価格は据え置きだ。",neutral,0.8723,neutral
https://news.yahoo.co.jp/articles/c2ea713a159f3eb446b16854846417714c587923,マクドナルド「てりたまマフィンセット」の“二重価格”が話題！「羽田空港750円・長崎640円」…店舗によって値段が違うのは問題ない？ チェーン店が値段に差をつける理由とは…問題はないのかなどを解説します。マクドナルドの二重価格に関するSNSの投稿が話題に前記のとおり、「マクドナルドで同じメニューなのに価格が違う」とい…ファイナンシャルフィールドライフ総合4/16(木) 13:40,ガソリン価格の地域差を例に考えると、違いがあってもいいのではないでしょうか。最低賃金の違いもあるでしょうし、このチェーン店の価格設定は新時代の先駆けとなりそうです。,neutral,0.7602,neutral
https://news.yahoo.co.jp/articles/c2ea713a159f3eb446b16854846417714c587923,マクドナルド「てりたまマフィンセット」の“二重価格”が話題！「羽田空港750円・長崎640円」…店舗によって値段が違うのは問題ない？ チェーン店が値段に差をつける理由とは…問題はないのかなどを解説します。マクドナルドの二重価格に関するSNSの投稿が話題に前記のとおり、「マクドナルドで同じメニューなのに価格が違う」とい…ファイナンシャルフィールドライフ総合4/16(木) 13:40,"二重価格っていうのか？マクドナルドでは都心型価格と言う呼び方だな、最近はマクドナルド以外も多く採用してる、スターバックスとかも。理由なんて立地によって値段違うのは賃貸なら家賃や、場所によっては最低時給も違うから人件費や、空港など特殊エリアはテナント料が高かったり営業時間が限られたりで違うんだろ。

↓2023年のファイナンシャルフィールドではない記事

マクドナルドはこれまで、空港や遊園地、サービスエリアといった特殊なエリアに立地する13の店舗で、通常より高い値段の「都心型価格」を導入してきました。
7月19日からは、店舗運営コストの上昇を背景に賃料、人件費などの負担が特に大きい東京・名古屋・大阪エリアの一部の店舗において、「都心型価格」を全国約3000店舗の約6％にあたる「184店舗」に適用となりました。
価格も、通常店＜準都心店＜都心店・特殊立地店と高くなっていきます。",neutral,0.897,neutral
https://news.yahoo.co.jp/articles/c2ea713a159f3eb446b16854846417714c587923,マクドナルド「てりたまマフィンセット」の“二重価格”が話題！「羽田空港750円・長崎640円」…店舗によって値段が違うのは問題ない？ チェーン店が値段に差をつける理由とは…問題はないのかなどを解説します。マクドナルドの二重価格に関するSNSの投稿が話題に前記のとおり、「マクドナルドで同じメニューなのに価格が違う」とい…ファイナンシャルフィールドライフ総合4/16(木) 13:40,"ひらかたパーク内にあるマクドナルドは当然というべきか全てが高かったですねー。
むしろ遊園地内にマクドナルドがあること自体驚きましたが、100〜200円程度の上乗せなら、観光地価格でも納得できました。",neutral,0.6748,negative
https://news.yahoo.co.jp/articles/c2ea713a159f3eb446b16854846417714c587923,マクドナルド「てりたまマフィンセット」の“二重価格”が話題！「羽田空港750円・長崎640円」…店舗によって値段が違うのは問題ない？ チェーン店が値段に差をつける理由とは…問題はないのかなどを解説します。マクドナルドの二重価格に関するSNSの投稿が話題に前記のとおり、「マクドナルドで同じメニューなのに価格が違う」とい…ファイナンシャルフィールドライフ総合4/16(木) 13:40,まぁそりゃあガソリンだって同じ系列店でもエリアによって価格は違うし、それこそマクドナルドにしてもビックマック指数という指標があるぐらい各国で価格差があるのが当然なわけで。,neutral,0.8799,neutral
https://news.yahoo.co.jp/articles/c2ea713a159f3eb446b16854846417714c587923,マクドナルド「てりたまマフィンセット」の“二重価格”が話題！「羽田空港750円・長崎640円」…店舗によって値段が違うのは問題ない？ チェーン店が値段に差をつける理由とは…問題はないのかなどを解説します。マクドナルドの二重価格に関するSNSの投稿が話題に前記のとおり、「マクドナルドで同じメニューなのに価格が違う」とい…ファイナンシャルフィールドライフ総合4/16(木) 13:40,"わかりましたも何も…
マクドナルドが都心店、準都心店、
標準店と二重どころか三重価格を
設定した時には結構なニュースに
なったじゃない。
ついでに特殊立地店っていうのが
さらにその上にあって大型空港や
サービスエリア内の一部店舗が
これにあたる。羽田空港の店は
その特殊立地店になるんでそりゃ
標準店と比べたら明確な差に。

自分は新宿区在住でどう足掻いても
近隣に都心店と準都心店しかない。
地代がバカ高だから仕方ないとは
思うが、マクドナルド以外も多くの
飲食チェーン店は都心部価格を設定
してて、回転寿司なんかでもたまに
郊外に行って店に入る機会があると
おお、何か安いな…と得した気分に
なるよ。",neutral,0.6568,negative
https://news.yahoo.co.jp/articles/c2ea713a159f3eb446b16854846417714c587923,マクドナルド「てりたまマフィンセット」の“二重価格”が話題！「羽田空港750円・長崎640円」…店舗によって値段が違うのは問題ない？ チェーン店が値段に差をつける理由とは…問題はないのかなどを解説します。マクドナルドの二重価格に関するSNSの投稿が話題に前記のとおり、「マクドナルドで同じメニューなのに価格が違う」とい…ファイナンシャルフィールドライフ総合4/16(木) 13:40,別に珍しくないけど。関空が出来た頃に松屋とかマクドの値段が他の店舗より割高だったのを見てるから今更ねぇ。関空ターミナル内のレストランがもっと高めだから客はいるし嫌なら食べなきゃいいんだよ。,neutral,0.5625,negative
https://news.yahoo.co.jp/articles/c2ea713a159f3eb446b16854846417714c587923,マクドナルド「てりたまマフィンセット」の“二重価格”が話題！「羽田空港750円・長崎640円」…店舗によって値段が違うのは問題ない？ チェーン店が値段に差をつける理由とは…問題はないのかなどを解説します。マクドナルドの二重価格に関するSNSの投稿が話題に前記のとおり、「マクドナルドで同じメニューなのに価格が違う」とい…ファイナンシャルフィールドライフ総合4/16(木) 13:40,家賃、食材の輸送コスト、売上等違いがあるのでその店舗に合った価格は歓迎。一律になると地方と首都圏でお得感が変わるよね！,positive,0.9694,neutral
https://news.yahoo.co.jp/articles/c2ea713a159f3eb446b16854846417714c587923,マクドナルド「てりたまマフィンセット」の“二重価格”が話題！「羽田空港750円・長崎640円」…店舗によって値段が違うのは問題ない？ チェーン店が値段に差をつける理由とは…問題はないのかなどを解説します。マクドナルドの二重価格に関するSNSの投稿が話題に前記のとおり、「マクドナルドで同じメニューなのに価格が違う」とい…ファイナンシャルフィールドライフ総合4/16(木) 13:40,"不動産を含む経営をしてみればすぐに分かりますよね。家賃が違うのに売値が同じなんて、そもそも無理です。
ある意味、今まで、田舎の人が都会の人にお金を還流していただけですが、ついに無理が来たということでしょうかね。",negative,0.8576,negative
https://news.yahoo.co.jp/articles/c2ea713a159f3eb446b16854846417714c587923,マクドナルド「てりたまマフィンセット」の“二重価格”が話題！「羽田空港750円・長崎640円」…店舗によって値段が違うのは問題ない？ チェーン店が値段に差をつける理由とは…問題はないのかなどを解説します。マクドナルドの二重価格に関するSNSの投稿が話題に前記のとおり、「マクドナルドで同じメニューなのに価格が違う」とい…ファイナンシャルフィールドライフ総合4/16(木) 13:40,"二重価格…
どう店舗内で人によって支払う額が違うという意味かと思ってた。
観光客と地元民とかさ。

チェーン店の価格違いなんか割と前からそうじゃない？
回転寿司だって同県内でも差があるよ。

店舗によって価格が異なりますっていう文言ももうお馴染みだ。",neutral,0.9319,negative
https://news.yahoo.co.jp/articles/ac884736973a52e328b8dc5545041075499a8ffa,香港チャンピオンズデーで騎乗の他国所属騎手を主催者が発表　ＪＲＡからはルメール騎手、川田将雅騎手…ズ騎手（豪州）は、チャンピオンズマイルでキャップフェラ、ジェームズ・マクドナルド騎手（ニュージーランド）は、クイーンエリザベス２世カップでロマンチック…馬トク報知競馬4/16(木) 13:32,"マスカレードボールの好走を願うのは もちろん、ジャンタルマンタルが世界に向け「日本のマイル王」の強さを見せてほしい。
当日は 馬券購入で応援したい。",positive,0.9368,positive
https://news.yahoo.co.jp/articles/ac884736973a52e328b8dc5545041075499a8ffa,香港チャンピオンズデーで騎乗の他国所属騎手を主催者が発表　ＪＲＡからはルメール騎手、川田将雅騎手…ズ騎手（豪州）は、チャンピオンズマイルでキャップフェラ、ジェームズ・マクドナルド騎手（ニュージーランド）は、クイーンエリザベス２世カップでロマンチック…馬トク報知競馬4/16(木) 13:32,"今年のクイーンエリザベス２世カップはベストレースになる可能性のある、レース史上最高の一戦になるでしょうね

おそらく日本馬は勝てないだろうけど(ロイヤルチャンピオンが勝つ)",positive,0.9032,positive
https://news.yahoo.co.jp/articles/ac884736973a52e328b8dc5545041075499a8ffa,香港チャンピオンズデーで騎乗の他国所属騎手を主催者が発表　ＪＲＡからはルメール騎手、川田将雅騎手…ズ騎手（豪州）は、チャンピオンズマイルでキャップフェラ、ジェームズ・マクドナルド騎手（ニュージーランド）は、クイーンエリザベス２世カップでロマンチック…馬トク報知競馬4/16(木) 13:32,日本馬は6頭が参戦だったはずなので、記載されていない3頭はモレイラとかの香港所属騎手が乗るのかな？,neutral,0.9525,neutral
https://news.yahoo.co.jp/articles/ac884736973a52e328b8dc5545041075499a8ffa,香港チャンピオンズデーで騎乗の他国所属騎手を主催者が発表　ＪＲＡからはルメール騎手、川田将雅騎手…ズ騎手（豪州）は、チャンピオンズマイルでキャップフェラ、ジェームズ・マクドナルド騎手（ニュージーランド）は、クイーンエリザベス２世カップでロマンチック…馬トク報知競馬4/16(木) 13:32,"日本馬も当然だけど
カーインライジングとロマンチックウォリアーの走りが楽しみで仕方ない。",positive,0.9868,positive
https://news.yahoo.co.jp/articles/ac884736973a52e328b8dc5545041075499a8ffa,香港チャンピオンズデーで騎乗の他国所属騎手を主催者が発表　ＪＲＡからはルメール騎手、川田将雅騎手…ズ騎手（豪州）は、チャンピオンズマイルでキャップフェラ、ジェームズ・マクドナルド騎手（ニュージーランド）は、クイーンエリザベス２世カップでロマンチック…馬トク報知競馬4/16(木) 13:32,ジョバンニになんで川田乗らない？,neutral,0.8838,neutral
https://news.yahoo.co.jp/articles/234e714b9a461e45a5a7dd484bbf4bfeec61e09e,マクドナルド、「チキンマックナゲット 15ピース」が期間限定で490円に日本マクドナルドは、「トクニナルド」キャンペーンを4月22日から5月19日まで実施する。 　年間を通してマクドナルドの様々な商品がおトクになる「ト…GAME Watchエンタメ総合4/16(木) 11:54,パッケージの箱を見ただけで女子力が高そう,positive,0.6829,positive
https://news.yahoo.co.jp/articles/234e714b9a461e45a5a7dd484bbf4bfeec61e09e,マクドナルド、「チキンマックナゲット 15ピース」が期間限定で490円に日本マクドナルドは、「トクニナルド」キャンペーンを4月22日から5月19日まで実施する。 　年間を通してマクドナルドの様々な商品がおトクになる「ト…GAME Watchエンタメ総合4/16(木) 11:54,不味くなった上に値段上がった,neutral,0.6796,negative
https://news.yahoo.co.jp/articles/234e714b9a461e45a5a7dd484bbf4bfeec61e09e,マクドナルド、「チキンマックナゲット 15ピース」が期間限定で490円に日本マクドナルドは、「トクニナルド」キャンペーンを4月22日から5月19日まで実施する。 　年間を通してマクドナルドの様々な商品がおトクになる「ト…GAME Watchエンタメ総合4/16(木) 11:54,"390円だったのに

昔",neutral,0.855,negative
https://news.yahoo.co.jp/articles/234e714b9a461e45a5a7dd484bbf4bfeec61e09e,マクドナルド、「チキンマックナゲット 15ピース」が期間限定で490円に日本マクドナルドは、「トクニナルド」キャンペーンを4月22日から5月19日まで実施する。 　年間を通してマクドナルドの様々な商品がおトクになる「ト…GAME Watchエンタメ総合4/16(木) 11:54,マックのナゲット美味しくなくなったよね…,negative,0.6961,negative
https://news.yahoo.co.jp/articles/39d91c033aff5943e29f574895e593c2d5e3f56c,「パッケージが違うのだよ！」マック×ガンダム、公式の「ジオン幹部」投稿にファンが名セリフで反応…よりスタートしたマクドナルドと『機動戦士ガンダム』のコラボキャンペーンが、SNS上で大きな反響を呼んでいます。同日夕方にマクドナルド公式Xアカウントが…マグミクスエンタメ総合4/16(木) 11:50,"大好物のチキンタツタなので初日に食べました。ケンタでも鶏竜田やってますが、あちらの本格的なチキンと違い、いつものチープで生姜ガッツリ効いたマックの方がジャンクに味わえて美味しい。本格派よりもこのジャンクさが魅力なのです。バンズも甘くておいしい。
それよりもガンダムコラボ。CMがイマイチだなぁ..
「真実はいつもタツタ！」と極め台詞がバッチリ決まっていたコナン君と違って、ガンダムは地味過ぎる。チキンタツタをブライトに横取りされたアムロが、「取ったね、親父にも取られたことないのに」ぐらいの遊びはあってもいいのに。コナン君に戻してほしい。",neutral,0.6786,negative
https://news.yahoo.co.jp/articles/39d91c033aff5943e29f574895e593c2d5e3f56c,「パッケージが違うのだよ！」マック×ガンダム、公式の「ジオン幹部」投稿にファンが名セリフで反応…よりスタートしたマクドナルドと『機動戦士ガンダム』のコラボキャンペーンが、SNS上で大きな反響を呼んでいます。同日夕方にマクドナルド公式Xアカウントが…マグミクスエンタメ総合4/16(木) 11:50,パッケージが違うだけでしょ？袋なんて食べたらすぐ捨てるし。たいしたコラボではないですね。これが横井画伯のカードダスがオマケでついてくるとかだったらソッコーで買いに行ったけど,neutral,0.8549,negative
https://news.yahoo.co.jp/articles/39d91c033aff5943e29f574895e593c2d5e3f56c,「パッケージが違うのだよ！」マック×ガンダム、公式の「ジオン幹部」投稿にファンが名セリフで反応…よりスタートしたマクドナルドと『機動戦士ガンダム』のコラボキャンペーンが、SNS上で大きな反響を呼んでいます。同日夕方にマクドナルド公式Xアカウントが…マグミクスエンタメ総合4/16(木) 11:50,"和かんきつヨーグルトの容器にラストシューティングを持ってきたのは素直に上手いと思う。かんじんの中身はあんまり美味くなかったけど……好きな人は好きなのかな？
認めたくないものだな、自分自身の老いゆえの味覚の衰えを。
（……いやマジこれ年のせいなんか？？？）",negative,0.8853,neutral
https://news.yahoo.co.jp/articles/39d91c033aff5943e29f574895e593c2d5e3f56c,「パッケージが違うのだよ！」マック×ガンダム、公式の「ジオン幹部」投稿にファンが名セリフで反応…よりスタートしたマクドナルドと『機動戦士ガンダム』のコラボキャンペーンが、SNS上で大きな反響を呼んでいます。同日夕方にマクドナルド公式Xアカウントが…マグミクスエンタメ総合4/16(木) 11:50,Zガンダムでカクリコンが仲間に持ってきたバーガーがチキンで、「またチキンか?」と愚痴をこぼしていたよね。あとクワトロバジーナが月で密会したのがマクダニエルだったと思う。,neutral,0.8994,neutral
https://news.yahoo.co.jp/articles/39d91c033aff5943e29f574895e593c2d5e3f56c,「パッケージが違うのだよ！」マック×ガンダム、公式の「ジオン幹部」投稿にファンが名セリフで反応…よりスタートしたマクドナルドと『機動戦士ガンダム』のコラボキャンペーンが、SNS上で大きな反響を呼んでいます。同日夕方にマクドナルド公式Xアカウントが…マグミクスエンタメ総合4/16(木) 11:50,"行きにくいんだよな、こういうのって。
ガンダムでファースト（ファスト）と言えば、待機所でバーガーを食べるスレッガーさんだが。

ランバ・ラルなら「昼はマック」とクランプに語り、「その方が兵達も喜びます。」とか。",positive,0.5778,neutral
https://news.yahoo.co.jp/articles/39d91c033aff5943e29f574895e593c2d5e3f56c,「パッケージが違うのだよ！」マック×ガンダム、公式の「ジオン幹部」投稿にファンが名セリフで反応…よりスタートしたマクドナルドと『機動戦士ガンダム』のコラボキャンペーンが、SNS上で大きな反響を呼んでいます。同日夕方にマクドナルド公式Xアカウントが…マグミクスエンタメ総合4/16(木) 11:50,"転売ヤーの手を逃れた人々を待っていたのは、また地獄だった。破壊の後に住み着いた欲望と暴力。一年戦争が生み出したソドムの街。悪徳と野心、頽廃と混沌とをコンクリートミキサーにかけてブチまけた、ここは宇宙世紀のゴモラ。
次回「チキンタツタ破壊命令」

来週もマックと地獄に付き合ってもらう。",neutral,0.7325,neutral
https://news.yahoo.co.jp/articles/39d91c033aff5943e29f574895e593c2d5e3f56c,「パッケージが違うのだよ！」マック×ガンダム、公式の「ジオン幹部」投稿にファンが名セリフで反応…よりスタートしたマクドナルドと『機動戦士ガンダム』のコラボキャンペーンが、SNS上で大きな反響を呼んでいます。同日夕方にマクドナルド公式Xアカウントが…マグミクスエンタメ総合4/16(木) 11:50,"たかが包み紙がガンダムな程度でっ！？

…しかし転売ヤーに群がられるよりは遥かに平和で済んでいるんだから、こういうのでいいんだよ、こういうので。",positive,0.5132,neutral
https://news.yahoo.co.jp/articles/39d91c033aff5943e29f574895e593c2d5e3f56c,「パッケージが違うのだよ！」マック×ガンダム、公式の「ジオン幹部」投稿にファンが名セリフで反応…よりスタートしたマクドナルドと『機動戦士ガンダム』のコラボキャンペーンが、SNS上で大きな反響を呼んでいます。同日夕方にマクドナルド公式Xアカウントが…マグミクスエンタメ総合4/16(木) 11:50,"パッケージなんて、ただの飾りです。
偉い人にはそれがわからんのです。",negative,0.5373,negative
https://news.yahoo.co.jp/articles/39d91c033aff5943e29f574895e593c2d5e3f56c,「パッケージが違うのだよ！」マック×ガンダム、公式の「ジオン幹部」投稿にファンが名セリフで反応…よりスタートしたマクドナルドと『機動戦士ガンダム』のコラボキャンペーンが、SNS上で大きな反響を呼んでいます。同日夕方にマクドナルド公式Xアカウントが…マグミクスエンタメ総合4/16(木) 11:50,"この企画失敗したら
「戦いに敗れるということはこういうことだ！」
と覚悟決めるのかね？",neutral,0.8485,neutral
https://news.yahoo.co.jp/articles/39d91c033aff5943e29f574895e593c2d5e3f56c,「パッケージが違うのだよ！」マック×ガンダム、公式の「ジオン幹部」投稿にファンが名セリフで反応…よりスタートしたマクドナルドと『機動戦士ガンダム』のコラボキャンペーンが、SNS上で大きな反響を呼んでいます。同日夕方にマクドナルド公式Xアカウントが…マグミクスエンタメ総合4/16(木) 11:50,だが自分の商才で売れた訳では無いぞ。そのパッケージのおかげだと言う事を忘れるな。,neutral,0.5481,negative
https://news.yahoo.co.jp/articles/0f5b7a84f5762502ad946103c4e24bbb9e611bdb,「貧困層に属する」「40歳独身」芸人のCMに“おじさん”が感動するワケ　「ダブルチーズバーガー」の青春…ドンデコルテの渡辺銀次　4月8日にマクドナルドの公式Xアカウントで公開されたダブルチーズバーガーのウェブCM動画が大きな反響を呼んでいる。出演してい…デイリー新潮エンタメ総合4/16(木) 11:00,"私も40代ですが、今の40代ってエンタメやサブカル的には凄く恵まれていた世代だと思います。

テレビゲームはファミコンやゲームボーイから入り、リアルタイムに物凄い進化を感じてきた。
携帯電話もポケベルから始まり、PHSやガラケーからスマホまで、進化とともに年を重ねた。
パソコンについても同じ。

音楽で言えばJPOP全盛期が中高生だから、毎週新曲をチェックして、学校帰りにカラオケは定番だった。
プリクラも出てきたのは私たちの中高生の時代。

氷河期世代と重なるから悲惨な世代だと思われますが、私はとても楽しめた世代だと思っています。",positive,0.8972,neutral
https://news.yahoo.co.jp/articles/0f5b7a84f5762502ad946103c4e24bbb9e611bdb,「貧困層に属する」「40歳独身」芸人のCMに“おじさん”が感動するワケ　「ダブルチーズバーガー」の青春…ドンデコルテの渡辺銀次　4月8日にマクドナルドの公式Xアカウントで公開されたダブルチーズバーガーのウェブCM動画が大きな反響を呼んでいる。出演してい…デイリー新潮エンタメ総合4/16(木) 11:00,慎ましく生きる中年独身男性の悲哀と清潔で端正な暮らしぶりが昭和と平成のおじさんのいいとこ取りなのでしょう　かなりの読書家であり、高学歴なことから自分だけの言葉をたくさん持っている知的な常識人であることの好感度を高めている　世を拗ねたくなるギリギリで踏みとどまってきた痩せ我慢も垣間見えるところが、上の世代からの支持につながってもいる　歳は下だが尊敬してる,positive,0.8649,neutral
https://news.yahoo.co.jp/articles/0f5b7a84f5762502ad946103c4e24bbb9e611bdb,「貧困層に属する」「40歳独身」芸人のCMに“おじさん”が感動するワケ　「ダブルチーズバーガー」の青春…ドンデコルテの渡辺銀次　4月8日にマクドナルドの公式Xアカウントで公開されたダブルチーズバーガーのウェブCM動画が大きな反響を呼んでいる。出演してい…デイリー新潮エンタメ総合4/16(木) 11:00,">>豊かさとは持っているものの多さではない。無駄に使った時間の多さです。

これは本当に共感。

最近ニュースで「12億円の特殊詐欺をあった80代の老人」という事件を扱っていた。当然詐欺犯が100％悪いのだが、80代でそんなに持っていてどうするんだ？と思った。

もちろん子供や大切な人のために使ったり残したりするお金は必要だが、本来お金は自分の人生を豊かにするためのツールだ。
自分が楽しいと思えば、犯罪などでない限り、他人にどう思われるかなど気にせず、楽しむために使えばよいのだ。
逆に、その楽しさを共有できない人、自分の楽しさを無駄だと笑うような人とは付き合う必要がない。

ただ逆に言えば「無駄に時間を使う」ためにもお金が必要なので、「貧困層」の皆さんは「人生お金じゃない！無駄に時間を使うことが大切だ！」なんて勘違いせず、精進しましょうね。",neutral,0.483,positive
https://news.yahoo.co.jp/articles/0f5b7a84f5762502ad946103c4e24bbb9e611bdb,「貧困層に属する」「40歳独身」芸人のCMに“おじさん”が感動するワケ　「ダブルチーズバーガー」の青春…ドンデコルテの渡辺銀次　4月8日にマクドナルドの公式Xアカウントで公開されたダブルチーズバーガーのウェブCM動画が大きな反響を呼んでいる。出演してい…デイリー新潮エンタメ総合4/16(木) 11:00,長年苦労しておじさんとされる年齢になったタイミングでチャンスを掴んだ今の銀次さんだから成立するCM。売れ切って大金を手にしたタイミングで出ていたら、あれ程の感動は生まれなかったでしょう。M−1獲りたての頃の錦鯉長谷川さんがやってても成立してたかもしれない。,positive,0.6723,positive
https://news.yahoo.co.jp/articles/0f5b7a84f5762502ad946103c4e24bbb9e611bdb,「貧困層に属する」「40歳独身」芸人のCMに“おじさん”が感動するワケ　「ダブルチーズバーガー」の青春…ドンデコルテの渡辺銀次　4月8日にマクドナルドの公式Xアカウントで公開されたダブルチーズバーガーのウェブCM動画が大きな反響を呼んでいる。出演してい…デイリー新潮エンタメ総合4/16(木) 11:00,"銀次さんを知ったのは昨年のM-1でしたが、漫才でのキャラはもちろん、やはり空気感が独特でインパクトある方だなぁと。

俳優業なんかも似合いそうな雰囲気ありますよね。",positive,0.9302,positive
https://news.yahoo.co.jp/articles/0f5b7a84f5762502ad946103c4e24bbb9e611bdb,「貧困層に属する」「40歳独身」芸人のCMに“おじさん”が感動するワケ　「ダブルチーズバーガー」の青春…ドンデコルテの渡辺銀次　4月8日にマクドナルドの公式Xアカウントで公開されたダブルチーズバーガーのウェブCM動画が大きな反響を呼んでいる。出演してい…デイリー新潮エンタメ総合4/16(木) 11:00,"46歳です。俺たちの子供の頃の科学雑誌には「21世紀の生活」みたいなページがあって、ロボットが農業や工場で働いてて、人間は働かずコーヒーを飲みながらそれを見ながらのんびりしたり、空飛ぶ車で楽しそうにドライブしたりしてるイラストがあった。子供心にそんな未来を夢見ていた。
全然違うじゃんかよ。",neutral,0.718,negative
https://news.yahoo.co.jp/articles/0f5b7a84f5762502ad946103c4e24bbb9e611bdb,「貧困層に属する」「40歳独身」芸人のCMに“おじさん”が感動するワケ　「ダブルチーズバーガー」の青春…ドンデコルテの渡辺銀次　4月8日にマクドナルドの公式Xアカウントで公開されたダブルチーズバーガーのウェブCM動画が大きな反響を呼んでいる。出演してい…デイリー新潮エンタメ総合4/16(木) 11:00,"銀次さん一気にブレイクしたね
先日の千鳥の番組で周囲の芸人はチャーハン作る仕事を辞めさせたがっているのに対して、本人は辞める気がないのが面白かった",positive,0.9768,positive
https://news.yahoo.co.jp/articles/0f5b7a84f5762502ad946103c4e24bbb9e611bdb,「貧困層に属する」「40歳独身」芸人のCMに“おじさん”が感動するワケ　「ダブルチーズバーガー」の青春…ドンデコルテの渡辺銀次　4月8日にマクドナルドの公式Xアカウントで公開されたダブルチーズバーガーのウェブCM動画が大きな反響を呼んでいる。出演してい…デイリー新潮エンタメ総合4/16(木) 11:00,銀次さんがM1はじめR1そして天下のマクドナルドのCMとどんどんフューチャーされていけばいくほど、相方さんとのコンビ格差は広がる。一方だけが売れていくことの多い芸人の世界ではあるが、銀次さんが売れてある程度のお金を手にし始めると、本当の貧困が相方の方に徐々になっていく構図は皮肉な話。,neutral,0.7969,neutral
https://news.yahoo.co.jp/articles/0f5b7a84f5762502ad946103c4e24bbb9e611bdb,「貧困層に属する」「40歳独身」芸人のCMに“おじさん”が感動するワケ　「ダブルチーズバーガー」の青春…ドンデコルテの渡辺銀次　4月8日にマクドナルドの公式Xアカウントで公開されたダブルチーズバーガーのウェブCM動画が大きな反響を呼んでいる。出演してい…デイリー新潮エンタメ総合4/16(木) 11:00,"キムタクがマックや吉牛食っても普段は高級焼肉とか食ってるクセにとかちらつくけど、この人ならリアルさがあって良いと思います。
大企業とか入って20代後半ぐらいで結婚して家族持っている人にはわからない吟侍がこのCMにはありますね。喋り方が落語調なのも良いですね。",positive,0.8871,positive
https://news.yahoo.co.jp/articles/0f5b7a84f5762502ad946103c4e24bbb9e611bdb,「貧困層に属する」「40歳独身」芸人のCMに“おじさん”が感動するワケ　「ダブルチーズバーガー」の青春…ドンデコルテの渡辺銀次　4月8日にマクドナルドの公式Xアカウントで公開されたダブルチーズバーガーのウェブCM動画が大きな反響を呼んでいる。出演してい…デイリー新潮エンタメ総合4/16(木) 11:00,"銀次さん神聖化されすぎて大丈夫かなと思ってしまう。
きっちりしているところもあるだろうし、ギターやけん玉もできるのは本人が練習を積んだから。
でも芸人だから。
適当にやってきたところもあるだろうし、叩けばホコリも出るかもしれないからって見るようにしてます。
そうでないとゴシップ出たらめちゃくちゃ叩かれそう。",neutral,0.7488,neutral
https://news.yahoo.co.jp/articles/7b94f18d49c488af3290a55d01e064744266573d,【250円引き】マクドナルド「ナゲット15ピース」490円に　新ソース2種も登場…バーガーチェーンのマクドナルドは、4月22日から5月19日までの4週間限定で、人気サイドメニュー「チキンマックナゲット 15ピース（ソース3個付き）…食品産業新聞社ニュースWEB経済総合4/16(木) 10:58,"昼限定じゃないんですね。
10時半〜14時みたいな時間指定のイベントが多いからこういうイベントは嬉しいですね。",positive,0.9821,negative
https://news.yahoo.co.jp/articles/7b94f18d49c488af3290a55d01e064744266573d,【250円引き】マクドナルド「ナゲット15ピース」490円に　新ソース2種も登場…バーガーチェーンのマクドナルドは、4月22日から5月19日までの4週間限定で、人気サイドメニュー「チキンマックナゲット 15ピース（ソース3個付き）…食品産業新聞社ニュースWEB経済総合4/16(木) 10:58,またうちの子供らにマック尽くしにされてしまう笑,negative,0.6185,positive
https://news.yahoo.co.jp/articles/7b94f18d49c488af3290a55d01e064744266573d,【250円引き】マクドナルド「ナゲット15ピース」490円に　新ソース2種も登場…バーガーチェーンのマクドナルドは、4月22日から5月19日までの4週間限定で、人気サイドメニュー「チキンマックナゲット 15ピース（ソース3個付き）…食品産業新聞社ニュースWEB経済総合4/16(木) 10:58,マックなんか普段いかないけど、ナゲット食べようかな（笑）,neutral,0.7825,positive
https://news.yahoo.co.jp/articles/0696a508e78ccee7d99b8b10a17123a23ca958b4,「かっけぇ！」マクドナルド×『ガンダム』コラボの“シャア専用ボックス”にファン歓喜「3倍うまい？」…「見せてもらおうか」マクドナルドと『機動戦士ガンダム』のコラボキャンペーンが4月15日（水）よりスタートし、「タルタル油淋鶏風チキンタツタ」のパッ…マグミクスエンタメ総合4/16(木) 7:25,こんなパッケージやコラボCM、コラボカラーでバーガーが売れちゃうんだから、マックもバンダイも笑いが止まらない。こんな風にむしりとられていること承知で消費してくれるファンってありがたいな。,positive,0.9726,negative
https://news.yahoo.co.jp/articles/0696a508e78ccee7d99b8b10a17123a23ca958b4,「かっけぇ！」マクドナルド×『ガンダム』コラボの“シャア専用ボックス”にファン歓喜「3倍うまい？」…「見せてもらおうか」マクドナルドと『機動戦士ガンダム』のコラボキャンペーンが4月15日（水）よりスタートし、「タルタル油淋鶏風チキンタツタ」のパッ…マグミクスエンタメ総合4/16(木) 7:25,これはその昔ファーストガンダムが大流行した際に発売された「ガンダムチョコ」「ガンダムアイス」と同じではないか？ガワだけガンダムで中身はただのアイス、チョコ、そして今回はチキンタツタ⋯。いやーこれはコラボじゃないでしょ。ただガンダムを語ったチキンタツタでしょ。「でもコラボなんてそんなもんじゃね？」というのであればせめて時代に逆行するがスピードくじか何かをつけて「◯◯名にガンプラが当たる！」くらいはやってくれないかな？昔はマックもグラスやらTシャツやら缶バッチやら配ってたんだからガンダムくらいのビッグネーム使うんならそれくらいはやってほしいです。,positive,0.7319,negative
https://news.yahoo.co.jp/articles/0696a508e78ccee7d99b8b10a17123a23ca958b4,「かっけぇ！」マクドナルド×『ガンダム』コラボの“シャア専用ボックス”にファン歓喜「3倍うまい？」…「見せてもらおうか」マクドナルドと『機動戦士ガンダム』のコラボキャンペーンが4月15日（水）よりスタートし、「タルタル油淋鶏風チキンタツタ」のパッ…マグミクスエンタメ総合4/16(木) 7:25,ガンダムファンとして食後にこのシャア専用ボックスをコレクションしておくにしても、油淋鶏の油染みが気になるだろうな。ファンとしてはそのへんどうするんだろう…。ちょっと気になる。,neutral,0.6877,negative
https://news.yahoo.co.jp/articles/0696a508e78ccee7d99b8b10a17123a23ca958b4,「かっけぇ！」マクドナルド×『ガンダム』コラボの“シャア専用ボックス”にファン歓喜「3倍うまい？」…「見せてもらおうか」マクドナルドと『機動戦士ガンダム』のコラボキャンペーンが4月15日（水）よりスタートし、「タルタル油淋鶏風チキンタツタ」のパッ…マグミクスエンタメ総合4/16(木) 7:25,"流石に油淋鶏の箱は、汚れていてゴミで捨てるから、いくらコラボで専用ボックスになっても微妙。
みんな欲しいのは、別の「何か」なのではないのか。",neutral,0.8629,negative
https://news.yahoo.co.jp/articles/0696a508e78ccee7d99b8b10a17123a23ca958b4,「かっけぇ！」マクドナルド×『ガンダム』コラボの“シャア専用ボックス”にファン歓喜「3倍うまい？」…「見せてもらおうか」マクドナルドと『機動戦士ガンダム』のコラボキャンペーンが4月15日（水）よりスタートし、「タルタル油淋鶏風チキンタツタ」のパッ…マグミクスエンタメ総合4/16(木) 7:25,これがハッピーセットとのコラボだったら、ガンダムチキンタツタ専用のフィギュアがオマケに付いてものすごい争奪戦だったんだろうな•••,positive,0.519,neutral
https://news.yahoo.co.jp/articles/0696a508e78ccee7d99b8b10a17123a23ca958b4,「かっけぇ！」マクドナルド×『ガンダム』コラボの“シャア専用ボックス”にファン歓喜「3倍うまい？」…「見せてもらおうか」マクドナルドと『機動戦士ガンダム』のコラボキャンペーンが4月15日（水）よりスタートし、「タルタル油淋鶏風チキンタツタ」のパッ…マグミクスエンタメ総合4/16(木) 7:25,CMに木馬のコインスナックみたいなところでスレッガーさんがチキンタツタをかじってるシーンがあると更に良かったと思う。,positive,0.9793,negative
https://news.yahoo.co.jp/articles/0696a508e78ccee7d99b8b10a17123a23ca958b4,「かっけぇ！」マクドナルド×『ガンダム』コラボの“シャア専用ボックス”にファン歓喜「3倍うまい？」…「見せてもらおうか」マクドナルドと『機動戦士ガンダム』のコラボキャンペーンが4月15日（水）よりスタートし、「タルタル油淋鶏風チキンタツタ」のパッ…マグミクスエンタメ総合4/16(木) 7:25,なぜマクドナルドはビッグマックとかタツタみたいなポロポロこぼれ落ちやすい野菜が挟まってるものを箱包装にしたがるんだろう？,neutral,0.8539,neutral
https://news.yahoo.co.jp/articles/0696a508e78ccee7d99b8b10a17123a23ca958b4,「かっけぇ！」マクドナルド×『ガンダム』コラボの“シャア専用ボックス”にファン歓喜「3倍うまい？」…「見せてもらおうか」マクドナルドと『機動戦士ガンダム』のコラボキャンペーンが4月15日（水）よりスタートし、「タルタル油淋鶏風チキンタツタ」のパッ…マグミクスエンタメ総合4/16(木) 7:25,"パッケージを変えただけで売ろうとするのはやめて欲しい。
ガンダムとコラボする必然が無い。",negative,0.8569,negative
https://news.yahoo.co.jp/articles/0696a508e78ccee7d99b8b10a17123a23ca958b4,「かっけぇ！」マクドナルド×『ガンダム』コラボの“シャア専用ボックス”にファン歓喜「3倍うまい？」…「見せてもらおうか」マクドナルドと『機動戦士ガンダム』のコラボキャンペーンが4月15日（水）よりスタートし、「タルタル油淋鶏風チキンタツタ」のパッ…マグミクスエンタメ総合4/16(木) 7:25,"箱なんて飾りです
偉い人にはそれがわからんのですよ",neutral,0.7306,negative
https://news.yahoo.co.jp/articles/0696a508e78ccee7d99b8b10a17123a23ca958b4,「かっけぇ！」マクドナルド×『ガンダム』コラボの“シャア専用ボックス”にファン歓喜「3倍うまい？」…「見せてもらおうか」マクドナルドと『機動戦士ガンダム』のコラボキャンペーンが4月15日（水）よりスタートし、「タルタル油淋鶏風チキンタツタ」のパッ…マグミクスエンタメ総合4/16(木) 7:25,最近同じような内容のメニューを毎年順ぐりやってるだけなんだけどね,neutral,0.711,neutral
https://news.yahoo.co.jp/articles/5c93fe987eed9ccea4dd920bc537d518892e7700,"【追悼】すき家・小川賢太郎会長の「特盛人生」“革命戦士から転向で資産5600億”《ナンバー2が語る秘話》【全文公開】1982年6月、京急・生麦駅近くにある45坪の倉庫。会社を立ち上げたばかりの男は、角材とベニヤで手作りした事務所で部下にこう発破をかけた。

「世界…文春オンライン経済総合4/16(木) 7:00","「革命戦士」が金儲けに目覚めた時、強いんだよなあ。
普通の大学生では経験できないような場で揉まれている。
演説とかオルグとかで、人を説得するのに慣れてる。

学生運動の是非とは別に、学生を鍛える絶好な場ではあったろうね。

私は学生運動が終わってからの大学入学だが、ぬるま湯につかっていたとは思う。",positive,0.6026,neutral
https://news.yahoo.co.jp/articles/5c93fe987eed9ccea4dd920bc537d518892e7700,"【追悼】すき家・小川賢太郎会長の「特盛人生」“革命戦士から転向で資産5600億”《ナンバー2が語る秘話》【全文公開】1982年6月、京急・生麦駅近くにある45坪の倉庫。会社を立ち上げたばかりの男は、角材とベニヤで手作りした事務所で部下にこう発破をかけた。

「世界…文春オンライン経済総合4/16(木) 7:00","人生の最後にどれだけ資産を残せたかってどうでも良い話だと思う。

この世にどう貢献したか、何を残せたか。

そう考えるとこのゼンショーの小川会長のような人生にはなりたくない。

自分の成功体験を部下に押し付けるだけ押し付け、ブラック企業の汚名を着たまま成長。部下は潰れるだけ潰れた。

また、オペレーションはきつく、店内を清掃、確認する間もなく忙殺され、結果に出たのはネズ味噌汁。

あれ以降すき家どころかゼンショーのチェーンには行く気になれない。

そんな我が国に貢献しない企業を作り上げたことを鉱石とは言わない。",negative,0.8904,neutral
https://news.yahoo.co.jp/articles/5c93fe987eed9ccea4dd920bc537d518892e7700,"【追悼】すき家・小川賢太郎会長の「特盛人生」“革命戦士から転向で資産5600億”《ナンバー2が語る秘話》【全文公開】1982年6月、京急・生麦駅近くにある45坪の倉庫。会社を立ち上げたばかりの男は、角材とベニヤで手作りした事務所で部下にこう発破をかけた。

「世界…文春オンライン経済総合4/16(木) 7:00",「まんぷく」で安藤百福がモデルになったように、100年後のNHK朝の連続テレビ小説で小川賢太郎をモデルにした作品が作られるかもしれない。それだけの功績を成した、まさに外食産業の革命戦士といえよう。タイトルは「とくもり」で決まりだ。,positive,0.673,neutral
https://news.yahoo.co.jp/articles/5c93fe987eed9ccea4dd920bc537d518892e7700,"【追悼】すき家・小川賢太郎会長の「特盛人生」“革命戦士から転向で資産5600億”《ナンバー2が語る秘話》【全文公開】1982年6月、京急・生麦駅近くにある45坪の倉庫。会社を立ち上げたばかりの男は、角材とベニヤで手作りした事務所で部下にこう発破をかけた。

「世界…文春オンライン経済総合4/16(木) 7:00",資本家を批判してたのに、いつのまにか自身がそっちに立ってる典型例。,negative,0.5289,negative
https://news.yahoo.co.jp/articles/5c93fe987eed9ccea4dd920bc537d518892e7700,"【追悼】すき家・小川賢太郎会長の「特盛人生」“革命戦士から転向で資産5600億”《ナンバー2が語る秘話》【全文公開】1982年6月、京急・生麦駅近くにある45坪の倉庫。会社を立ち上げたばかりの男は、角材とベニヤで手作りした事務所で部下にこう発破をかけた。

「世界…文春オンライン経済総合4/16(木) 7:00",ワンオペ強制労働のイメージしかない,negative,0.6536,negative
https://news.yahoo.co.jp/articles/5c93fe987eed9ccea4dd920bc537d518892e7700,"【追悼】すき家・小川賢太郎会長の「特盛人生」“革命戦士から転向で資産5600億”《ナンバー2が語る秘話》【全文公開】1982年6月、京急・生麦駅近くにある45坪の倉庫。会社を立ち上げたばかりの男は、角材とベニヤで手作りした事務所で部下にこう発破をかけた。

「世界…文春オンライン経済総合4/16(木) 7:00",資産が5600億円もあっても長生きできないものなのか。,negative,0.5361,neutral
https://news.yahoo.co.jp/articles/5c93fe987eed9ccea4dd920bc537d518892e7700,"【追悼】すき家・小川賢太郎会長の「特盛人生」“革命戦士から転向で資産5600億”《ナンバー2が語る秘話》【全文公開】1982年6月、京急・生麦駅近くにある45坪の倉庫。会社を立ち上げたばかりの男は、角材とベニヤで手作りした事務所で部下にこう発破をかけた。

「世界…文春オンライン経済総合4/16(木) 7:00","社員の顔を殴ってるのを見ました。
恐ろしかったです。",negative,0.9645,negative
https://news.yahoo.co.jp/articles/5c93fe987eed9ccea4dd920bc537d518892e7700,"【追悼】すき家・小川賢太郎会長の「特盛人生」“革命戦士から転向で資産5600億”《ナンバー2が語る秘話》【全文公開】1982年6月、京急・生麦駅近くにある45坪の倉庫。会社を立ち上げたばかりの男は、角材とベニヤで手作りした事務所で部下にこう発破をかけた。

「世界…文春オンライン経済総合4/16(木) 7:00",革命戦士といえば長州力でしょ,neutral,0.7927,neutral
https://news.yahoo.co.jp/articles/5c93fe987eed9ccea4dd920bc537d518892e7700,"【追悼】すき家・小川賢太郎会長の「特盛人生」“革命戦士から転向で資産5600億”《ナンバー2が語る秘話》【全文公開】1982年6月、京急・生麦駅近くにある45坪の倉庫。会社を立ち上げたばかりの男は、角材とベニヤで手作りした事務所で部下にこう発破をかけた。

「世界…文春オンライン経済総合4/16(木) 7:00",目が笑っていない,negative,0.7846,negative
https://news.yahoo.co.jp/articles/5c93fe987eed9ccea4dd920bc537d518892e7700,"【追悼】すき家・小川賢太郎会長の「特盛人生」“革命戦士から転向で資産5600億”《ナンバー2が語る秘話》【全文公開】1982年6月、京急・生麦駅近くにある45坪の倉庫。会社を立ち上げたばかりの男は、角材とベニヤで手作りした事務所で部下にこう発破をかけた。

「世界…文春オンライン経済総合4/16(木) 7:00",まさか帝愛グループってここがモデルだったんじゃ。。。,neutral,0.9565,neutral
https://news.yahoo.co.jp/articles/402c0e53ef083c1552100fcf10e675ad1ef103ae,マクドナルド「チキンマックナゲット 15ピース」が250円お得に！　“サンリオ”コラボパッケージで登場「マクドナルド」は、4月22日（水）から5月19日（火）までの4週間限定で、「チキンマックナゲット 15ピース」を通常価格から250円お得に楽しめ…クランクイン！エンタメ総合4/16(木) 7:00,"というか
通常だと１個約５０円という事実に驚愕。
ドリンクと異なり容器の再利用(コレクション)もできませんし…やはりポテナゲ特大か…！",neutral,0.7908,neutral
https://news.yahoo.co.jp/articles/402c0e53ef083c1552100fcf10e675ad1ef103ae,マクドナルド「チキンマックナゲット 15ピース」が250円お得に！　“サンリオ”コラボパッケージで登場「マクドナルド」は、4月22日（水）から5月19日（火）までの4週間限定で、「チキンマックナゲット 15ピース」を通常価格から250円お得に楽しめ…クランクイン！エンタメ総合4/16(木) 7:00,まあでも17時以降ならポテナゲ特大キメちゃうよね〜。,positive,0.8556,positive
https://news.yahoo.co.jp/articles/5fe724616e8c06ebe7dd31a1c9aea7d6c09c6ecc,パパコーチが埋めるチームの“隙間”　球拾いでは「もったいない」…不可欠な役割とは…吐露する。 　2018、19年の「高円宮賜杯全日本学童軟式野球大会マクドナルド・トーナメント」で連覇を果たすなど、3度の全国制覇を誇る“学童野球の名…Full-Count野球4/16(木) 6:45,"色んな年代教えて思ったのは、小学生で面倒なのは親同士のいざこざ。
父親はそうでもないけど、母親は裏でやったりするから、小学生の喧嘩より表面化しにくい。
結果子供が続けたくても親が嫌になって辞めるとか昔からある話。関わってもらうにしてもコーチという肩書きにしてしまうと、勝敗に関わるところやチームの根幹に関わる事になってしまうから、しっかり線引きする事は大事。",neutral,0.77,neutral
https://news.yahoo.co.jp/articles/5fe724616e8c06ebe7dd31a1c9aea7d6c09c6ecc,パパコーチが埋めるチームの“隙間”　球拾いでは「もったいない」…不可欠な役割とは…吐露する。 　2018、19年の「高円宮賜杯全日本学童軟式野球大会マクドナルド・トーナメント」で連覇を果たすなど、3度の全国制覇を誇る“学童野球の名…Full-Count野球4/16(木) 6:45,"近くのグランドで少年野球をやってます。
練習後、親がグランド整備してるのですが、なぜ子供達にやらせないのか不思議です。
自分たちが練習した場所を整備するのは当然のことではないでしょうか？
グランド整備も練習の一環であり、グランドに感謝の気持を込めることも大事なのでは？",neutral,0.6735,neutral
https://news.yahoo.co.jp/articles/5fe724616e8c06ebe7dd31a1c9aea7d6c09c6ecc,パパコーチが埋めるチームの“隙間”　球拾いでは「もったいない」…不可欠な役割とは…吐露する。 　2018、19年の「高円宮賜杯全日本学童軟式野球大会マクドナルド・トーナメント」で連覇を果たすなど、3度の全国制覇を誇る“学童野球の名…Full-Count野球4/16(木) 6:45,"個人成績の数値化って高校野球の強豪校や、シニアやボーイズといった中学生の硬式野球なら当たり前の事だと思っていたが、小学生の学童野球にまで浸透してたんだ！
この作業にやりがいを感じるパパコーチもいるかもしれないが、ある意味指導者より大変かもしれないね。",positive,0.5395,neutral
https://news.yahoo.co.jp/articles/5fe724616e8c06ebe7dd31a1c9aea7d6c09c6ecc,パパコーチが埋めるチームの“隙間”　球拾いでは「もったいない」…不可欠な役割とは…吐露する。 　2018、19年の「高円宮賜杯全日本学童軟式野球大会マクドナルド・トーナメント」で連覇を果たすなど、3度の全国制覇を誇る“学童野球の名…Full-Count野球4/16(木) 6:45,短時間で効率よく練習するには、お父さんの参加が多いとチームとして助かりますね。うちの子供がいたチームはお父さんは玉拾い、バッティングピッチャー、練習試合の時は会場準備、お母さんがスコアブックをつけてましたね。,positive,0.883,neutral
https://news.yahoo.co.jp/articles/5fe724616e8c06ebe7dd31a1c9aea7d6c09c6ecc,パパコーチが埋めるチームの“隙間”　球拾いでは「もったいない」…不可欠な役割とは…吐露する。 　2018、19年の「高円宮賜杯全日本学童軟式野球大会マクドナルド・トーナメント」で連覇を果たすなど、3度の全国制覇を誇る“学童野球の名…Full-Count野球4/16(木) 6:45,"この記事の本題とは少しずれるのですが…

私の息子が野球チームに入っていましたが、弟も球場に連れて行っていました。
他の家族にも同じように弟君、妹さんがいたので、私がみんなをまとめて遊び&見守り役をしていました。

みんなから『園長先生』と呼ばれていました。

練習とか試合見たかったなぁ…笑",neutral,0.6843,neutral
https://news.yahoo.co.jp/articles/5fe724616e8c06ebe7dd31a1c9aea7d6c09c6ecc,パパコーチが埋めるチームの“隙間”　球拾いでは「もったいない」…不可欠な役割とは…吐露する。 　2018、19年の「高円宮賜杯全日本学童軟式野球大会マクドナルド・トーナメント」で連覇を果たすなど、3度の全国制覇を誇る“学童野球の名…Full-Count野球4/16(木) 6:45,"私の所属しているチームも成績をかなり詳細にとり、確率に基づき試合をしております。
また、対戦チームのデータもまとめ、aiを活用して試合に望みます。
そのため、よく戦う予選等では負けなしです。
県上位クラスになると難しくなりますが。",positive,0.8807,neutral
https://news.yahoo.co.jp/articles/5fe724616e8c06ebe7dd31a1c9aea7d6c09c6ecc,パパコーチが埋めるチームの“隙間”　球拾いでは「もったいない」…不可欠な役割とは…吐露する。 　2018、19年の「高円宮賜杯全日本学童軟式野球大会マクドナルド・トーナメント」で連覇を果たすなど、3度の全国制覇を誇る“学童野球の名…Full-Count野球4/16(木) 6:45,"なんで子供の野球にそこまで親が全身全霊コミットしなければならないのか。もっと適当でいい。一般人を名将とか持ちあげるからいっちょ詩論をぶちたくなる。

名将名将ってこの監督はハンニバルとかナポレオンクラスの才能なの？ちがうでしょう。",neutral,0.8317,negative
https://news.yahoo.co.jp/articles/5fe724616e8c06ebe7dd31a1c9aea7d6c09c6ecc,パパコーチが埋めるチームの“隙間”　球拾いでは「もったいない」…不可欠な役割とは…吐露する。 　2018、19年の「高円宮賜杯全日本学童軟式野球大会マクドナルド・トーナメント」で連覇を果たすなど、3度の全国制覇を誇る“学童野球の名…Full-Count野球4/16(木) 6:45,"ソフトボールですが…
仰るとおり、球拾いだけではもったいないです。練習中でも、トスバッティングのトス上げとか、ケースバッティングで守備の足りないところをカバーしたりとか、一応経験者だったのでやってましたね。
それと、子供の在籍時に審判の資格を取得し、帯同審判員として活動してました。試合をただ見てるのもつまらないですし（笑）",positive,0.7236,negative
https://news.yahoo.co.jp/articles/5fe724616e8c06ebe7dd31a1c9aea7d6c09c6ecc,パパコーチが埋めるチームの“隙間”　球拾いでは「もったいない」…不可欠な役割とは…吐露する。 　2018、19年の「高円宮賜杯全日本学童軟式野球大会マクドナルド・トーナメント」で連覇を果たすなど、3度の全国制覇を誇る“学童野球の名…Full-Count野球4/16(木) 6:45,"報酬ってあるのだろうか
不可欠な役割なら無報酬ではないと思うが。

報酬あったとして、家庭内ではどう折り合いつけてるのかな。
自身の子供が在籍中なのかな
その場合でも贔屓してるとか言われないか気を使いそう。",neutral,0.8551,neutral
https://news.yahoo.co.jp/articles/5fe724616e8c06ebe7dd31a1c9aea7d6c09c6ecc,パパコーチが埋めるチームの“隙間”　球拾いでは「もったいない」…不可欠な役割とは…吐露する。 　2018、19年の「高円宮賜杯全日本学童軟式野球大会マクドナルド・トーナメント」で連覇を果たすなど、3度の全国制覇を誇る“学童野球の名…Full-Count野球4/16(木) 6:45,"チームにもよるでしょうが、できることをできる範囲でやれば良いと思います。また、分からなければ分かるであろう人に聞く。
結局、仕事でやれている事をやればいいだけですね。",neutral,0.5947,neutral
https://news.yahoo.co.jp/articles/2e17ff3349e07046a67945e40b4c55b59fad6024,マクドナルド、ナゲット15ピース“期間限定”740円→490円　2種ソース新発売＆サンリオパッケージで提供日本マクドナルドは22日から5月19日までの4週間限定で、人気のサイドメニュー「チキンマックナゲット 15ピース（ソース3個付き）」を、250円お…オリコンライフ総合4/16(木) 4:00,いつもこのナゲットの時は、期間限定ソース2つとマスタードにしてます。タルタルソースは間違いはないと思っているけど、サワークリーム系は間違いない（シャカシャカポテトのシーズニングも）からまた復活してほしい。,neutral,0.6029,positive
https://news.yahoo.co.jp/articles/2e17ff3349e07046a67945e40b4c55b59fad6024,マクドナルド、ナゲット15ピース“期間限定”740円→490円　2種ソース新発売＆サンリオパッケージで提供日本マクドナルドは22日から5月19日までの4週間限定で、人気のサイドメニュー「チキンマックナゲット 15ピース（ソース3個付き）」を、250円お…オリコンライフ総合4/16(木) 4:00,"トクニナルド…また来ますか。
私はトクニナルドの大ファンだから、待ち遠しいです。
少し前のトクニナルドは390円だったのに最近は490円になってしまいました。
通常より250円トクニナルド！とか言われても、
いや、それならいっそ250円にしてくれよって感想になってしまって
純粋にトクニナルドが楽しめなくなってしまいました。

本日をもってトクニナルドの大ファンは卒業しようと思います。
長らく、ありがとうございました。",neutral,0.4501,negative
https://news.yahoo.co.jp/articles/2e17ff3349e07046a67945e40b4c55b59fad6024,マクドナルド、ナゲット15ピース“期間限定”740円→490円　2種ソース新発売＆サンリオパッケージで提供日本マクドナルドは22日から5月19日までの4週間限定で、人気のサイドメニュー「チキンマックナゲット 15ピース（ソース3個付き）」を、250円お…オリコンライフ総合4/16(木) 4:00,"ナゲットの新味のソース選びでハズすと猛烈にショボい気持ちになる　買い直せばいいと定番のマスタードソースで50円払うが高い
もう15個だろうがマスタード一択になった",neutral,0.8523,neutral
https://news.yahoo.co.jp/articles/2e17ff3349e07046a67945e40b4c55b59fad6024,マクドナルド、ナゲット15ピース“期間限定”740円→490円　2種ソース新発売＆サンリオパッケージで提供日本マクドナルドは22日から5月19日までの4週間限定で、人気のサイドメニュー「チキンマックナゲット 15ピース（ソース3個付き）」を、250円お…オリコンライフ総合4/16(木) 4:00,大人の好きな味覚はそれぞれだけど、子供はバーベキューとケチャップ付けてもらえば存分に満足してるよ。こーゆーの書いてたら久々にナゲット食べたくなってきた。,positive,0.9022,positive
https://news.yahoo.co.jp/articles/2e17ff3349e07046a67945e40b4c55b59fad6024,マクドナルド、ナゲット15ピース“期間限定”740円→490円　2種ソース新発売＆サンリオパッケージで提供日本マクドナルドは22日から5月19日までの4週間限定で、人気のサイドメニュー「チキンマックナゲット 15ピース（ソース3個付き）」を、250円お…オリコンライフ総合4/16(木) 4:00,"うちは490円じゃないと買わない。
ソースは子供用にBBQ×２と大人用にマスタード。定番のみ。",neutral,0.785,neutral
https://news.yahoo.co.jp/articles/2e17ff3349e07046a67945e40b4c55b59fad6024,マクドナルド、ナゲット15ピース“期間限定”740円→490円　2種ソース新発売＆サンリオパッケージで提供日本マクドナルドは22日から5月19日までの4週間限定で、人気のサイドメニュー「チキンマックナゲット 15ピース（ソース3個付き）」を、250円お…オリコンライフ総合4/16(木) 4:00,"夜マックのポテナゲ大380円引き・ポテナゲ特大560円引きがあまりに強すぎて
期間限定250円引きが弱く見えるほど",negative,0.4854,negative
https://news.yahoo.co.jp/articles/2e17ff3349e07046a67945e40b4c55b59fad6024,マクドナルド、ナゲット15ピース“期間限定”740円→490円　2種ソース新発売＆サンリオパッケージで提供日本マクドナルドは22日から5月19日までの4週間限定で、人気のサイドメニュー「チキンマックナゲット 15ピース（ソース3個付き）」を、250円お…オリコンライフ総合4/16(木) 4:00,期間限定のナゲットのソースって、毎回味が濃すぎるだよね。基本的に塩辛い,negative,0.7348,negative
https://news.yahoo.co.jp/articles/2e17ff3349e07046a67945e40b4c55b59fad6024,マクドナルド、ナゲット15ピース“期間限定”740円→490円　2種ソース新発売＆サンリオパッケージで提供日本マクドナルドは22日から5月19日までの4週間限定で、人気のサイドメニュー「チキンマックナゲット 15ピース（ソース3個付き）」を、250円お…オリコンライフ総合4/16(木) 4:00,"値上げで、ギャーギャー文句言ってる人も、1ヶ月もせんうちに忘れてる。
もう文句とか言わんとこ！

まぉ結局マクドナルドなんよ…
とにかくうまい。いくらになっても食べる",positive,0.7794,positive
https://news.yahoo.co.jp/articles/2e17ff3349e07046a67945e40b4c55b59fad6024,マクドナルド、ナゲット15ピース“期間限定”740円→490円　2種ソース新発売＆サンリオパッケージで提供日本マクドナルドは22日から5月19日までの4週間限定で、人気のサイドメニュー「チキンマックナゲット 15ピース（ソース3個付き）」を、250円お…オリコンライフ総合4/16(木) 4:00,ナゲット通常１５個で７４０円ですか・・・・ひと昔前なら３００円位で打ってた様な、今はマックに行くならモスに行くかな、そんなに値段も変わらないし・・・・・,neutral,0.8437,negative
https://news.yahoo.co.jp/articles/2e17ff3349e07046a67945e40b4c55b59fad6024,マクドナルド、ナゲット15ピース“期間限定”740円→490円　2種ソース新発売＆サンリオパッケージで提供日本マクドナルドは22日から5月19日までの4週間限定で、人気のサイドメニュー「チキンマックナゲット 15ピース（ソース3個付き）」を、250円お…オリコンライフ総合4/16(木) 4:00,"バーベキューソース
何かの味に似てると長年思っていたが
最近気付いた
正露丸だった",neutral,0.9113,neutral
https://news.yahoo.co.jp/articles/dac7b0685a974b47023033871c5f21bb0c60a61b,「東洋のスタバ」覇王茶姫、25年売上高3000億円を突破　海外出店加速…「東洋のスターバックス」とも呼ばれる中国ティードリンク大手「覇王茶姫（CHAGEE）」はこのほど、2025年通期および10～12月期の決算を発表した。36Kr Japan経済総合4/17(金) 12:07,日本は飽和状態だからどうかな。中国の自業自得だけど中国というだけで拒否されるんだよな。,negative,0.8954,negative
https://news.yahoo.co.jp/articles/dac7b0685a974b47023033871c5f21bb0c60a61b,「東洋のスタバ」覇王茶姫、25年売上高3000億円を突破　海外出店加速…「東洋のスターバックス」とも呼ばれる中国ティードリンク大手「覇王茶姫（CHAGEE）」はこのほど、2025年通期および10～12月期の決算を発表した。36Kr Japan経済総合4/17(金) 12:07,テクノロジーだけじゃなくて、他の業界も一気に大きく伸びた。,positive,0.6739,positive
https://news.yahoo.co.jp/articles/dac7b0685a974b47023033871c5f21bb0c60a61b,「東洋のスタバ」覇王茶姫、25年売上高3000億円を突破　海外出店加速…「東洋のスターバックス」とも呼ばれる中国ティードリンク大手「覇王茶姫（CHAGEE）」はこのほど、2025年通期および10～12月期の決算を発表した。36Kr Japan経済総合4/17(金) 12:07,"日本では流行らんだろうな。
中国産の飲食物は怖いからね。
製造工程も、店舗での調理も日本とは違うから。

TBS辺りが特集組んで、韓国飲食に飛びつく層が客になるかもだけど。",neutral,0.9263,negative
https://news.yahoo.co.jp/articles/9c6b932288b3ad59781a6fc8d4682e58a298086b,【きょうから】スタバ『キャラメル マキアート』リニューアル　人気フラペチーノも刷新スターバックスの定番メニュー『キャラメル マキアート』がきょう・17日よりリニューアルする。新たなブランドメッセージ「コーヒーって、飲みもの以上だ。－WHY…オリコンライフ総合4/17(金) 9:05,キャラメルマキアートは日本でもアップサイドダウンで注文できるようにしてほしい,neutral,0.8139,negative
https://news.yahoo.co.jp/articles/9c6b932288b3ad59781a6fc8d4682e58a298086b,【きょうから】スタバ『キャラメル マキアート』リニューアル　人気フラペチーノも刷新スターバックスの定番メニュー『キャラメル マキアート』がきょう・17日よりリニューアルする。新たなブランドメッセージ「コーヒーって、飲みもの以上だ。－WHY…オリコンライフ総合4/17(金) 9:05,たんなる値上げでは客も納得しないだろうしなぁ。変わり映えしなかったので、良しとしますか。,neutral,0.6957,negative
https://news.yahoo.co.jp/articles/9c6b932288b3ad59781a6fc8d4682e58a298086b,【きょうから】スタバ『キャラメル マキアート』リニューアル　人気フラペチーノも刷新スターバックスの定番メニュー『キャラメル マキアート』がきょう・17日よりリニューアルする。新たなブランドメッセージ「コーヒーって、飲みもの以上だ。－WHY…オリコンライフ総合4/17(金) 9:05,サラッと値上がりしてる。前はいつもの店舗だとショートサイズ500円だったのに,neutral,0.885,negative
https://news.yahoo.co.jp/articles/9c6b932288b3ad59781a6fc8d4682e58a298086b,【きょうから】スタバ『キャラメル マキアート』リニューアル　人気フラペチーノも刷新スターバックスの定番メニュー『キャラメル マキアート』がきょう・17日よりリニューアルする。新たなブランドメッセージ「コーヒーって、飲みもの以上だ。－WHY…オリコンライフ総合4/17(金) 9:05,ブレンディのスティックコーヒーで十分です。,positive,0.6591,negative
https://news.yahoo.co.jp/articles/c03934dc44a56ae0bda93b685ad68fb3c1ca8093,自由が丘駅前の商業施設は「自由が丘 ミューズ スクエア」9月開業…」をコンセプトに、「SHARE LOUNGE 自由が丘(仮称)」、「スターバックス」、焼肉「叙々苑」、雑貨「ホッチポッチ」などがオープンする。 5階は…Impress Watch経済総合4/16(木) 14:00,"日曜日は車侵入禁止なのにどうすんだろか？2025年秋、駒沢大学駅前の交差点に出来た新商業施設「駒沢パーククォーター」は住民の意見や欲しい店を住民視線で、あらかじめアンケートして作って決めたそうな！だから地元の人が詰め掛けて今も割と賑やかな感じに仕上がってます！バイク駐輪場は必ず欲しいです。
自由が丘でも同じようにしたらいいと思う。",positive,0.9586,negative
https://news.yahoo.co.jp/articles/c03934dc44a56ae0bda93b685ad68fb3c1ca8093,自由が丘駅前の商業施設は「自由が丘 ミューズ スクエア」9月開業…」をコンセプトに、「SHARE LOUNGE 自由が丘(仮称)」、「スターバックス」、焼肉「叙々苑」、雑貨「ホッチポッチ」などがオープンする。 5階は…Impress Watch経済総合4/16(木) 14:00,"ようやく開業する新たな商業複合施設が吉と出るのかそれとも凶と出るか見ものとなる。
確かに駅前という好立地ではあるけれど如何せん駐車できる台数の少なさが気になるところでもある。",negative,0.5119,negative
https://news.yahoo.co.jp/articles/c03934dc44a56ae0bda93b685ad68fb3c1ca8093,自由が丘駅前の商業施設は「自由が丘 ミューズ スクエア」9月開業…」をコンセプトに、「SHARE LOUNGE 自由が丘(仮称)」、「スターバックス」、焼肉「叙々苑」、雑貨「ホッチポッチ」などがオープンする。 5階は…Impress Watch経済総合4/16(木) 14:00,"どうやっても道狭いからなぁ
自由が丘で飲み歩くのは好き、でも車で行きたくない街No.1
道狭い、駐車場少ない、駐車所も狭い、人多い、歩道ない、バスも来る",negative,0.8917,negative
https://news.yahoo.co.jp/articles/c03934dc44a56ae0bda93b685ad68fb3c1ca8093,自由が丘駅前の商業施設は「自由が丘 ミューズ スクエア」9月開業…」をコンセプトに、「SHARE LOUNGE 自由が丘(仮称)」、「スターバックス」、焼肉「叙々苑」、雑貨「ホッチポッチ」などがオープンする。 5階は…Impress Watch経済総合4/16(木) 14:00,道路が狭くて危ないのは、もうどうにもできないんだろうな,negative,0.9911,neutral
https://news.yahoo.co.jp/articles/c03934dc44a56ae0bda93b685ad68fb3c1ca8093,自由が丘駅前の商業施設は「自由が丘 ミューズ スクエア」9月開業…」をコンセプトに、「SHARE LOUNGE 自由が丘(仮称)」、「スターバックス」、焼肉「叙々苑」、雑貨「ホッチポッチ」などがオープンする。 5階は…Impress Watch経済総合4/16(木) 14:00,どこもこんな同じ感じ。,neutral,0.5638,neutral
https://news.yahoo.co.jp/articles/c03934dc44a56ae0bda93b685ad68fb3c1ca8093,自由が丘駅前の商業施設は「自由が丘 ミューズ スクエア」9月開業…」をコンセプトに、「SHARE LOUNGE 自由が丘(仮称)」、「スターバックス」、焼肉「叙々苑」、雑貨「ホッチポッチ」などがオープンする。 5階は…Impress Watch経済総合4/16(木) 14:00,逆にダサくないか？🥹,negative,0.8682,negative
https://news.yahoo.co.jp/articles/a82c510c33e8ca99afebaf660f02da6208843a0a,西武鉄道が展開する新型レストラン列車の名称が「Fine Dining Train『vies』」に決定！先行乗車キャンペーンも実施…モルツ」「日産セレナ」といった1000を超えるCMや広告作品に加え、スターバックス「47 JIMOTOフラペチーノ(R)」などの名だたるプロモーションを企画。ウォーカープラスライフ総合4/16(木) 14:00,たぶんJRも走れるようにするのかな？確か2年後からJR直通が始まるらしいので,neutral,0.5755,neutral
https://news.yahoo.co.jp/articles/a82c510c33e8ca99afebaf660f02da6208843a0a,西武鉄道が展開する新型レストラン列車の名称が「Fine Dining Train『vies』」に決定！先行乗車キャンペーンも実施…モルツ」「日産セレナ」といった1000を超えるCMや広告作品に加え、スターバックス「47 JIMOTOフラペチーノ(R)」などの名だたるプロモーションを企画。ウォーカープラスライフ総合4/16(木) 14:00,また座薬デザインなの？,neutral,0.9609,neutral
https://news.yahoo.co.jp/articles/f81a7befe046aca6d027351f576b914dafdec66c,1歳児ママ「慣らし保育初日の母はこれであってますか？」→「100点です」　“まさかの光景”に「全く同じことしました」…り時間を、どう過ごしたのかというと……。りささんはコーヒーチェーン「スターバックス」へ行き、ドリンクとクロックムッシュの優雅な朝食を満喫したのです！ …ねとらぼライフ総合4/16(木) 8:30,"我が子は4月に生まれ。その1年後の4月に保育園に通わせた時に夫婦2人だけで回転寿司に行きました。
約1年ぶりの2人きりの時間。なんか悪いことをしてる気がして落ち着かなかった記憶があります。

子供と少し離れるからこそ一緒にいる時により強い愛情を注げるんですよね。人によってはこの考え方は納得できなくて子供が可哀想と思うかもしれませんが…。

親の心の安定が結果的に子供にとって最善だと思ってます。",neutral,0.7313,neutral
https://news.yahoo.co.jp/articles/f81a7befe046aca6d027351f576b914dafdec66c,1歳児ママ「慣らし保育初日の母はこれであってますか？」→「100点です」　“まさかの光景”に「全く同じことしました」…り時間を、どう過ごしたのかというと……。りささんはコーヒーチェーン「スターバックス」へ行き、ドリンクとクロックムッシュの優雅な朝食を満喫したのです！ …ねとらぼライフ総合4/16(木) 8:30,"子どもを産んでから“自分だけでのんびりする”事に後ろめたさを感じていましたが、ある時ネットで
「ゲーム好きな人が好きなだけゲームをして良いよと言われたら喜ぶだろうけど、トイレにも行けず、食事もままならない、眠くても叩き起こされてゲームをやる様に言われ、ミスしたら誰かが死ぬって状況になったら楽しめないよね。赤ちゃんのお世話ってその状況。」という様な主旨の投稿を見て、私のゆっくり食事をしたいっていう欲求ってわがままじゃなかったんだなと安心しました。

尚私の第一子の慣らし保育は、初日からテレワークのPCのセッティングをする様に言われ、往復の距離もあったので30分も無くて、鬼畜上司だなって思いました。",negative,0.54,positive
https://news.yahoo.co.jp/articles/f81a7befe046aca6d027351f576b914dafdec66c,1歳児ママ「慣らし保育初日の母はこれであってますか？」→「100点です」　“まさかの光景”に「全く同じことしました」…り時間を、どう過ごしたのかというと……。りささんはコーヒーチェーン「スターバックス」へ行き、ドリンクとクロックムッシュの優雅な朝食を満喫したのです！ …ねとらぼライフ総合4/16(木) 8:30,"慣らし保育も給食まで進み、平日休みだった旦那と１年半ぶりに夫婦だけでランチに行きました。
数日前からどこに行くか悩みましたが、結局ファミレス。食べたいもの食べるぞー！とメニューを開いたものの、どれも取り分け出来そうに見えてきて、対して好物でもない生ハムのピザを注文。
その日は団体客が開店と同時に来店したらしく、出遅れた私たちの配膳が遅れ、私はピザが届く前に息子のお迎えに行き、息子を連れてお店に戻って、冷めた生ハムのピザを押し込むように食べました。
潔く、復職後の昼休みに期待します…。",neutral,0.5109,neutral
https://news.yahoo.co.jp/articles/f81a7befe046aca6d027351f576b914dafdec66c,1歳児ママ「慣らし保育初日の母はこれであってますか？」→「100点です」　“まさかの光景”に「全く同じことしました」…り時間を、どう過ごしたのかというと……。りささんはコーヒーチェーン「スターバックス」へ行き、ドリンクとクロックムッシュの優雅な朝食を満喫したのです！ …ねとらぼライフ総合4/16(木) 8:30,慣らし保育で初めて子供だけを置いてくる時、先生が『お母さんはお茶でもしてきてください』って園から送り出してくれてめちゃめちゃ感動しました。いつもは食べ散らかした子供の食べ残しばっかりだったけど、キレイに盛られたパンケーキセットを全部食べた幸福感は忘れません。3時間の自由時間、先生ありがとうございます！,positive,0.9892,positive
https://news.yahoo.co.jp/articles/f81a7befe046aca6d027351f576b914dafdec66c,1歳児ママ「慣らし保育初日の母はこれであってますか？」→「100点です」　“まさかの光景”に「全く同じことしました」…り時間を、どう過ごしたのかというと……。りささんはコーヒーチェーン「スターバックス」へ行き、ドリンクとクロックムッシュの優雅な朝食を満喫したのです！ …ねとらぼライフ総合4/16(木) 8:30,"慣らし保育中、人見知りの息子は泣き叫びすぎてミルクを戻したり頭をぶつけたり、最初の１ヶ月はまともに通えず、30分でお迎え要請が来たこともありました。懐かしいなあ。
カフェでお茶が大正解ですよね。私の時はまだ、復職したことを証明？するか何かで30分でも働かないといけなくて、リモート勤務していたように記憶しています。
子供によっては最初の１ヶ月なんてマトモに働けないですけどね。。今は少しは制度変わっているのかな。

そんな息子も毎日自分で起きて通学するようになりました。あっという間です。",neutral,0.8129,neutral
https://news.yahoo.co.jp/articles/f81a7befe046aca6d027351f576b914dafdec66c,1歳児ママ「慣らし保育初日の母はこれであってますか？」→「100点です」　“まさかの光景”に「全く同じことしました」…り時間を、どう過ごしたのかというと……。りささんはコーヒーチェーン「スターバックス」へ行き、ドリンクとクロックムッシュの優雅な朝食を満喫したのです！ …ねとらぼライフ総合4/16(木) 8:30,"スタバいいですね！

現在小２の長女が年少で入園した時、初登園の日は脳内でスキップしながら散歩して、コーヒー屋さんでのんびり飲んでからお迎えに行きました。

今年は次女が年少で入園。
春休み中だった長女と一緒に登園し、家でのんびり過ごしました。
その次の日が長女も始業式だったから、この日が久しぶりのひとり！
子供たちがいない間に食料品買いに行きました。

来週からお昼寝も始まるし、そしたらひとりでランチに行きます！
ラーメンかな？パスタにしようかな？",positive,0.9708,positive
https://news.yahoo.co.jp/articles/f81a7befe046aca6d027351f576b914dafdec66c,1歳児ママ「慣らし保育初日の母はこれであってますか？」→「100点です」　“まさかの光景”に「全く同じことしました」…り時間を、どう過ごしたのかというと……。りささんはコーヒーチェーン「スターバックス」へ行き、ドリンクとクロックムッシュの優雅な朝食を満喫したのです！ …ねとらぼライフ総合4/16(木) 8:30,我が家は幼稚園ですが、入園式の翌日から給食が始まりお迎えまでに時間が若干空きましたので、近所の回転寿司に行きました。自分が食べたいネタをお皿の色も考えず食べられたのが本当に幸せだった！,positive,0.9911,positive
https://news.yahoo.co.jp/articles/f81a7befe046aca6d027351f576b914dafdec66c,1歳児ママ「慣らし保育初日の母はこれであってますか？」→「100点です」　“まさかの光景”に「全く同じことしました」…り時間を、どう過ごしたのかというと……。りささんはコーヒーチェーン「スターバックス」へ行き、ドリンクとクロックムッシュの優雅な朝食を満喫したのです！ …ねとらぼライフ総合4/16(木) 8:30,"分かる！自分は園近くのドトールでしたか自分1人のペースで颯爽と歩くだけで「わぁ〜！」という解放感でしたしコーヒーが格別に美味しかった。
今でもファミレスでもフードコートでも作ってもらえて片付けもしなくていいって幸せ〜って感じます",positive,0.9906,positive
https://news.yahoo.co.jp/articles/f81a7befe046aca6d027351f576b914dafdec66c,1歳児ママ「慣らし保育初日の母はこれであってますか？」→「100点です」　“まさかの光景”に「全く同じことしました」…り時間を、どう過ごしたのかというと……。りささんはコーヒーチェーン「スターバックス」へ行き、ドリンクとクロックムッシュの優雅な朝食を満喫したのです！ …ねとらぼライフ総合4/16(木) 8:30,"優雅だなぁ。
慣らし保育1日目から仕事だった私には羨ましい話だ。
育休明けが慣らし保育の後だとゆっくり慣らし保育できるんだよね。
子どものためにもママのためにもその方がゆとりあって良いよね。",positive,0.9549,positive
https://news.yahoo.co.jp/articles/f81a7befe046aca6d027351f576b914dafdec66c,1歳児ママ「慣らし保育初日の母はこれであってますか？」→「100点です」　“まさかの光景”に「全く同じことしました」…り時間を、どう過ごしたのかというと……。りささんはコーヒーチェーン「スターバックス」へ行き、ドリンクとクロックムッシュの優雅な朝食を満喫したのです！ …ねとらぼライフ総合4/16(木) 8:30,"慣らし保育一日目、息子と離れ離れになるのは自分にとっても初めての経験だった。保育園に預けて、一人ぼっちで家に帰って、いつもいる息子がいない…家の中がシーンと静まり返っている…私はそれだけで泣きました(笑)

私もこんなふうに楽しめばよかった！！！",positive,0.8537,positive
https://news.yahoo.co.jp/articles/574cb0843cc0c18ae7091495e58e06e62a984715,安くて質がいいだけじゃない、ユニクロ爆売れの裏にあったポリシー…「欠品を許さない」とあとひとつ…という――。 　※本稿は、坂出健『贅沢と欲望の経営史　あなたはなぜ今日もスタバに行ってしまうのか』(光文社新書)の一部を再編集したものです。 ■日本の…プレジデントオンライン社会4/16(木) 7:16,今のユニクロって安いの？　個人的には高いと思っている、、、サイズユルユルだし、誰にでも合うサイズは誰にも合わないと思ってる。　価格の割に素材も雑だし、、、会社が大きくなり過ぎて需要に合わせた大雑把な商品になったと思う。,negative,0.9035,negative
https://news.yahoo.co.jp/articles/574cb0843cc0c18ae7091495e58e06e62a984715,安くて質がいいだけじゃない、ユニクロ爆売れの裏にあったポリシー…「欠品を許さない」とあとひとつ…という――。 　※本稿は、坂出健『贅沢と欲望の経営史　あなたはなぜ今日もスタバに行ってしまうのか』(光文社新書)の一部を再編集したものです。 ■日本の…プレジデントオンライン社会4/16(木) 7:16,ユニクロ、夏のレディースは露出度や透け感あり、下品なデザインが多く、若い人向けで「いつでも、どこでも、誰でも」着られる服ではない。,neutral,0.538,negative
https://news.yahoo.co.jp/articles/574cb0843cc0c18ae7091495e58e06e62a984715,安くて質がいいだけじゃない、ユニクロ爆売れの裏にあったポリシー…「欠品を許さない」とあとひとつ…という――。 　※本稿は、坂出健『贅沢と欲望の経営史　あなたはなぜ今日もスタバに行ってしまうのか』(光文社新書)の一部を再編集したものです。 ■日本の…プレジデントオンライン社会4/16(木) 7:16,ユニクロはマイナーチェンジが頻繁でよい改良品も出るが、良い品が廃盤にもなる。,negative,0.7361,negative
https://news.yahoo.co.jp/articles/574cb0843cc0c18ae7091495e58e06e62a984715,安くて質がいいだけじゃない、ユニクロ爆売れの裏にあったポリシー…「欠品を許さない」とあとひとつ…という――。 　※本稿は、坂出健『贅沢と欲望の経営史　あなたはなぜ今日もスタバに行ってしまうのか』(光文社新書)の一部を再編集したものです。 ■日本の…プレジデントオンライン社会4/16(木) 7:16,同じ名前の商品を改良と称して素材変えたりするからね、それで継続性維持してるんだと思う。こちらとしては改悪に思えることも多いけど。,neutral,0.8332,negative
https://news.yahoo.co.jp/articles/574cb0843cc0c18ae7091495e58e06e62a984715,安くて質がいいだけじゃない、ユニクロ爆売れの裏にあったポリシー…「欠品を許さない」とあとひとつ…という――。 　※本稿は、坂出健『贅沢と欲望の経営史　あなたはなぜ今日もスタバに行ってしまうのか』(光文社新書)の一部を再編集したものです。 ■日本の…プレジデントオンライン社会4/16(木) 7:16,でも機能性インナーとか次のシーズンの切り替わり期になると在庫調整で欠品したりしますよね,negative,0.8994,negative
https://news.yahoo.co.jp/articles/574cb0843cc0c18ae7091495e58e06e62a984715,安くて質がいいだけじゃない、ユニクロ爆売れの裏にあったポリシー…「欠品を許さない」とあとひとつ…という――。 　※本稿は、坂出健『贅沢と欲望の経営史　あなたはなぜ今日もスタバに行ってしまうのか』(光文社新書)の一部を再編集したものです。 ■日本の…プレジデントオンライン社会4/16(木) 7:16,"今流行ってるか知らないけど、朝の朝礼で掛け声やってたなー。
品切れゼロ！売れ筋外ゼロ！ってワードもあった！",neutral,0.5339,neutral
https://news.yahoo.co.jp/articles/574cb0843cc0c18ae7091495e58e06e62a984715,安くて質がいいだけじゃない、ユニクロ爆売れの裏にあったポリシー…「欠品を許さない」とあとひとつ…という――。 　※本稿は、坂出健『贅沢と欲望の経営史　あなたはなぜ今日もスタバに行ってしまうのか』(光文社新書)の一部を再編集したものです。 ■日本の…プレジデントオンライン社会4/16(木) 7:16,昔より生地が薄い。,negative,0.5301,negative
https://news.yahoo.co.jp/articles/2b0138a306555fc8c8a60fb988cae47c7b5e0c1a,吉野ヶ里歴史公園新エリアにスタバ新店　店内からは弥生時代の物見櫓も「スターバックスコーヒー 吉野ヶ里歴史公園店」（神埼市神埼町鶴、TEL 0952-97-7866）が吉野ヶ里歴史公園「スノーピーク グラウンズ 吉…みんなの経済新聞ネットワーク佐賀4/15(水) 23:57,"最近、新店舗作りすぎだと思うんだけど。
コーヒーが飲める店じゃなく、甘いジュース専門店になってるし。
グッズも飲食も短いスパンで変わるし無くなるし。

クローバーバーティカって機械で淹れたコーヒーはクソ不味いし。
どんどん足が遠のく。",negative,0.9674,negative
https://news.yahoo.co.jp/articles/2293ad6795442770e55bde130d53d679e7de520e,【即買い】“スタバ限定スーベニア”が激カワ！ダッフィー新作グッズが神ラインナップだった♪【海外ディズニー】…。(39HKD) パーク内のスターバックス限定品やスーベニア類をチェック香港ディズニーランドのパーク内にはスターバックスがあり、限定のスーベニア類が販売されています。ぴあエンタメ総合4/15(水) 20:01,"日本も
もう少しダッフィーフレンズを
解放するべき。",neutral,0.7827,neutral
https://news.yahoo.co.jp/articles/c7f41ecc9cb9d6971d06316ebf06cbdf7dbc9af2,【スタバ】愛され続ける定番商品をなぜ変えた？　開発担当者が明かす新『キャラメル マキアート』への思い日本のスターバックスで1999年に登場して以来、長年愛されてきた定番商品『キャラメル マキアート』が17日、初の本格リニューアルを迎える。キャラメ…オリコンライフ総合4/15(水) 18:00,"リニューアルという名のコストダウン
コーヒー界隈は原料価格の高騰もあって
仕方ない",negative,0.9856,neutral
https://news.yahoo.co.jp/articles/c7f41ecc9cb9d6971d06316ebf06cbdf7dbc9af2,【スタバ】愛され続ける定番商品をなぜ変えた？　開発担当者が明かす新『キャラメル マキアート』への思い日本のスターバックスで1999年に登場して以来、長年愛されてきた定番商品『キャラメル マキアート』が17日、初の本格リニューアルを迎える。キャラメ…オリコンライフ総合4/15(水) 18:00,35周年じゃなくて、30周年ですね。,neutral,0.8463,negative
https://news.yahoo.co.jp/articles/4cec65210f6862d298455b34f0c945b0fef9d784,スタバ「キャラメルマキアート」リニューアル　30周年第1弾、レシピ刷新で進化…商品を刷新して発売する。価格は現行から約40円の値上げとなる。全国のスターバックス店舗（一部店舗を除く）で取り扱う。 スターバックスコーヒージャパンは…食品産業新聞社ニュースWEB経済総合4/15(水) 17:39,"安心です　やはり大衆喫茶はいいですね
いい意味で
さすが食通鉄山も認める味",positive,0.9825,positive
https://news.yahoo.co.jp/articles/4cec65210f6862d298455b34f0c945b0fef9d784,スタバ「キャラメルマキアート」リニューアル　30周年第1弾、レシピ刷新で進化…商品を刷新して発売する。価格は現行から約40円の値上げとなる。全国のスターバックス店舗（一部店舗を除く）で取り扱う。 スターバックスコーヒージャパンは…食品産業新聞社ニュースWEB経済総合4/15(水) 17:39,ただの値上げじゃ批判されるから刷新という名のコスト削減だな,negative,0.5477,negative
https://news.yahoo.co.jp/articles/4c02973da7cf569257c603a1506028b7be74ba00,「美味しすぎてやばいです」「毎日食べたい」スターバックスの“宝石みたいなスイーツ”ひと口の幸福感がえげつない！「全てがとろけて甘く美味」…ンの山盛くんが、おいしくてコスパのいいメニューをご紹介します。 ●スターバックスで、華やかな“贅沢スイーツ”を発見！ 　1971年、ワシントン州シア…ダイヤモンド・オンライン経済総合4/15(水) 16:35,「美味しすぎてやばいです」「毎日食べたい」「全てがとろけて甘く美味」.... 少なくとも『個人の感想です』と但し書きが必要なのでは。内容が誇大であれば[景品表示法違反]（優良誤認）のリスク有り。,neutral,0.8701,negative
https://news.yahoo.co.jp/articles/4c02973da7cf569257c603a1506028b7be74ba00,「美味しすぎてやばいです」「毎日食べたい」スターバックスの“宝石みたいなスイーツ”ひと口の幸福感がえげつない！「全てがとろけて甘く美味」…ンの山盛くんが、おいしくてコスパのいいメニューをご紹介します。 ●スターバックスで、華やかな“贅沢スイーツ”を発見！ 　1971年、ワシントン州シア…ダイヤモンド・オンライン経済総合4/15(水) 16:35,糖質を多量に加えて美味しく無い場合に取り上げて下さい。,neutral,0.6182,negative
https://news.yahoo.co.jp/articles/4c02973da7cf569257c603a1506028b7be74ba00,「美味しすぎてやばいです」「毎日食べたい」スターバックスの“宝石みたいなスイーツ”ひと口の幸福感がえげつない！「全てがとろけて甘く美味」…ンの山盛くんが、おいしくてコスパのいいメニューをご紹介します。 ●スターバックスで、華やかな“贅沢スイーツ”を発見！ 　1971年、ワシントン州シア…ダイヤモンド・オンライン経済総合4/15(水) 16:35,トーニョー病まっしぐら,negative,0.5177,negative
https://news.yahoo.co.jp/articles/7ee77a95c07fb2df842a7ac008353943a28dfccf,「マグカップの傑作です」スタバの“マグカップ”が大好評　「デザインが素晴らしく完成されている」「お家でスタバを満喫できます」…シンプルなデザインですがスタバだというだけでテンションが上がります！」「片手で持ってもフィットし、使いやすいカップ。お家スタバ満喫です！」「デザインが…ねとらぼライフ総合4/15(水) 14:40,"このスタバのカップの黒持ってるけど、ツヤツヤなカップだから
飲み干したときに自分の顔が映ってビクッってなるのよね…",neutral,0.4888,neutral
https://news.yahoo.co.jp/articles/791e4ba64a95662651ee735c08ddabe21d4ac2e9,【スタバ】人気定番『キャラメルマキアート』刷新　新ムースフォームでほろ苦キャラメルとバニラ香る1杯にスターバックスの定番メニュー「キャラメル マキアート」が、17日よりリニューアルする。新たなブランドメッセージ「コーヒーって、飲みもの以上だ。－WHY…オリコンライフ総合4/15(水) 11:07,ということは値上げ？？,neutral,0.8888,negative
https://news.yahoo.co.jp/articles/791e4ba64a95662651ee735c08ddabe21d4ac2e9,【スタバ】人気定番『キャラメルマキアート』刷新　新ムースフォームでほろ苦キャラメルとバニラ香る1杯にスターバックスの定番メニュー「キャラメル マキアート」が、17日よりリニューアルする。新たなブランドメッセージ「コーヒーって、飲みもの以上だ。－WHY…オリコンライフ総合4/15(水) 11:07,ただの値上げやん,negative,0.9623,negative
https://news.yahoo.co.jp/articles/bf0437572b3990f6a3b8d6ed989a668e32c58f01,【写真複数】海辺のスタバでホッとひと息　名護21世紀の森公園　複合施設「あけみおてらす」が開業　沖縄…どの整備も進められ、3年後に年間40万人の公園来園者数を目指す。スターバックスの名護21世紀の森公園あけみおてらす店は、店舗面積約214平方メート…琉球新報沖縄4/15(水) 8:21,アラハビーチの海岸線沿いにもスタバ作ったら人気でそうだよね,positive,0.9681,positive
https://news.yahoo.co.jp/articles/bf0437572b3990f6a3b8d6ed989a668e32c58f01,【写真複数】海辺のスタバでホッとひと息　名護21世紀の森公園　複合施設「あけみおてらす」が開業　沖縄…どの整備も進められ、3年後に年間40万人の公園来園者数を目指す。スターバックスの名護21世紀の森公園あけみおてらす店は、店舗面積約214平方メート…琉球新報沖縄4/15(水) 8:21,"もうハッキリ言って、観光地に
スタバなんかいらないのよ！(怒)",negative,0.8225,negative
https://news.yahoo.co.jp/articles/8a24b4c6a2578cd479aad0aace7e816d5645fb9a,米ブラックロック、コメダHDを「買い」と見たワケ　AI全盛に逆行する真意とは…売り上げに連動しにくい面もある。そのため、商品研究に投じる開発費が、スターバックスなどの巨大企業よりも少なくなってしまい、商品力で劣後する可能性もある。ITmedia ビジネスオンライン経済総合4/15(水) 8:10,コメダ株は買う気にならないな〜。衣食住はAIに代替されないがファクトリー生産はまた違う。住居も衣料も食品もロボットが生産するようになる。ミシュランの星付レストランや立派な大工の建てた家などはこれから価値が増すだろう。,positive,0.8587,negative
https://news.yahoo.co.jp/articles/8a24b4c6a2578cd479aad0aace7e816d5645fb9a,米ブラックロック、コメダHDを「買い」と見たワケ　AI全盛に逆行する真意とは…売り上げに連動しにくい面もある。そのため、商品研究に投じる開発費が、スターバックスなどの巨大企業よりも少なくなってしまい、商品力で劣後する可能性もある。ITmedia ビジネスオンライン経済総合4/15(水) 8:10,値上がりはしたけど、偶に無性にみそカツパンやシロノワールが食べたくなる。元々場所代込みの値段だと思っているし毎日行く場所でもないから多少のインフレでも関係ないのかもしれない。,neutral,0.856,positive
https://news.yahoo.co.jp/articles/8a24b4c6a2578cd479aad0aace7e816d5645fb9a,米ブラックロック、コメダHDを「買い」と見たワケ　AI全盛に逆行する真意とは…売り上げに連動しにくい面もある。そのため、商品研究に投じる開発費が、スターバックスなどの巨大企業よりも少なくなってしまい、商品力で劣後する可能性もある。ITmedia ビジネスオンライン経済総合4/15(水) 8:10,"ひとりで毎日行って、ちょっとしゃべれる喫茶店って、流行らんかな。スナックは高いしカラオケうるさいし、酒飲まんとアカンし。
普通の席はガラガラやのに、マスターの周りのカウンターだけいっぱいの喫茶店って、たまにあるんや。",neutral,0.4998,negative
https://news.yahoo.co.jp/articles/8a24b4c6a2578cd479aad0aace7e816d5645fb9a,米ブラックロック、コメダHDを「買い」と見たワケ　AI全盛に逆行する真意とは…売り上げに連動しにくい面もある。そのため、商品研究に投じる開発費が、スターバックスなどの巨大企業よりも少なくなってしまい、商品力で劣後する可能性もある。ITmedia ビジネスオンライン経済総合4/15(水) 8:10,コメダのビーフシチュー好きだったんだが、相次ぐ値上げのもとでもよく注文していた。ところが、ある日、バケットパンが切れたという事を言われ、ビーフシチューのみなら提供可能といわれた。それじゃ値段さげてください。と行ったら、それはできないと。それからは足が遠のいた（実話）。,negative,0.7826,negative
https://news.yahoo.co.jp/articles/8a24b4c6a2578cd479aad0aace7e816d5645fb9a,米ブラックロック、コメダHDを「買い」と見たワケ　AI全盛に逆行する真意とは…売り上げに連動しにくい面もある。そのため、商品研究に投じる開発費が、スターバックスなどの巨大企業よりも少なくなってしまい、商品力で劣後する可能性もある。ITmedia ビジネスオンライン経済総合4/15(水) 8:10,"値段と配当見ると、ちょっと買いづらいやろ
優待がまー少し太っ腹なら
ポイントじゃなくてチケット一冊付けるとか",neutral,0.7226,negative
https://news.yahoo.co.jp/articles/8a24b4c6a2578cd479aad0aace7e816d5645fb9a,米ブラックロック、コメダHDを「買い」と見たワケ　AI全盛に逆行する真意とは…売り上げに連動しにくい面もある。そのため、商品研究に投じる開発費が、スターバックスなどの巨大企業よりも少なくなってしまい、商品力で劣後する可能性もある。ITmedia ビジネスオンライン経済総合4/15(水) 8:10,この流れでいくと最後に勝つのは農業。,neutral,0.5955,neutral
https://news.yahoo.co.jp/articles/8a24b4c6a2578cd479aad0aace7e816d5645fb9a,米ブラックロック、コメダHDを「買い」と見たワケ　AI全盛に逆行する真意とは…売り上げに連動しにくい面もある。そのため、商品研究に投じる開発費が、スターバックスなどの巨大企業よりも少なくなってしまい、商品力で劣後する可能性もある。ITmedia ビジネスオンライン経済総合4/15(水) 8:10,コメダって凄い高く感じるんだけどなぁ,positive,0.5055,negative
https://news.yahoo.co.jp/articles/8a24b4c6a2578cd479aad0aace7e816d5645fb9a,米ブラックロック、コメダHDを「買い」と見たワケ　AI全盛に逆行する真意とは…売り上げに連動しにくい面もある。そのため、商品研究に投じる開発費が、スターバックスなどの巨大企業よりも少なくなってしまい、商品力で劣後する可能性もある。ITmedia ビジネスオンライン経済総合4/15(水) 8:10,コメダも段々前ほどのお得感は薄くなってきてるな,negative,0.6888,negative
https://news.yahoo.co.jp/articles/debac8577dc7b67d63ef0dc7e76a7f3302e9e985,沖縄名護市に絶景オーシャンビューのスタバが誕生！ビーチまで数歩…「最高のロケーション」と大反響、入口のオリジナルシーサーにも注目…期待の声が溢れています。 　・「名護のスタバ、ビーチまで数歩とか最高すぎる！」 　・「ござを借りてビーチでスタバなんて、まさに沖縄の楽しみ方」 　・「My…LIMOライフ総合4/15(水) 7:35,"名護バスターミナルから徒歩5分？
少なくても10分位は掛かると思いますけど。",neutral,0.9448,negative
https://news.yahoo.co.jp/articles/debac8577dc7b67d63ef0dc7e76a7f3302e9e985,沖縄名護市に絶景オーシャンビューのスタバが誕生！ビーチまで数歩…「最高のロケーション」と大反響、入口のオリジナルシーサーにも注目…期待の声が溢れています。 　・「名護のスタバ、ビーチまで数歩とか最高すぎる！」 　・「ござを借りてビーチでスタバなんて、まさに沖縄の楽しみ方」 　・「My…LIMOライフ総合4/15(水) 7:35,スタバ出来過ぎじゃない？(笑),positive,0.5055,neutral
https://news.yahoo.co.jp/articles/eb05311602dfa3f02a74dec7d872096c7cb9b71f,【ヤフコメで話題】「ユニクロの価格・品質への評価」「かつての選択肢の多様性を懐かしむ」 - 低価格衣料の価値観と消費環境の変化をめぐる議論…ります。 みんなの反応- 昔はユニクロ以外にも安くて良い服屋がたくさんあったと懐かしく思います。 - 今のユニクロは安さを感じにくく、品質やサイズも…Yahoo!ニュース オリジナル THE PAGE社会4/17(金) 15:27,"ユニクロは安くて量産系　というのイメージのまま生きていた。
よくよく考えてみたら
ゾゾにユニクロより安くて量産系じゃないやつも結構あるね。",neutral,0.6832,neutral
https://news.yahoo.co.jp/articles/eb05311602dfa3f02a74dec7d872096c7cb9b71f,【ヤフコメで話題】「ユニクロの価格・品質への評価」「かつての選択肢の多様性を懐かしむ」 - 低価格衣料の価値観と消費環境の変化をめぐる議論…ります。 みんなの反応- 昔はユニクロ以外にも安くて良い服屋がたくさんあったと懐かしく思います。 - 今のユニクロは安さを感じにくく、品質やサイズも…Yahoo!ニュース オリジナル THE PAGE社会4/17(金) 15:27,ユニクロは定価で買わない、安い時に買う,neutral,0.9006,negative
https://news.yahoo.co.jp/articles/eb05311602dfa3f02a74dec7d872096c7cb9b71f,【ヤフコメで話題】「ユニクロの価格・品質への評価」「かつての選択肢の多様性を懐かしむ」 - 低価格衣料の価値観と消費環境の変化をめぐる議論…ります。 みんなの反応- 昔はユニクロ以外にも安くて良い服屋がたくさんあったと懐かしく思います。 - 今のユニクロは安さを感じにくく、品質やサイズも…Yahoo!ニュース オリジナル THE PAGE社会4/17(金) 15:27,確かにユニクログループは僕達デブには優しくない。デブサイズは通販でしか買えない。僕達ブヒーは見てくれ的に来店して欲しくないんだろうな。,negative,0.9705,negative
https://news.yahoo.co.jp/articles/fcf9eb436a9e18dc52c9ab3ead627ec67d26b688,ユニクロのダウンのほうがよかった…投資で資産30億円を手にした男性、「100万円のコート」を「人生で1番後悔した買い物」と嘆くワケ…っとも楽しめませんでした。 そのとき、ぼくは思ったんです。「これなら、ユニクロのダウンジャケットのほうが、よっぽど幸せだったじゃん」と。安くて暖かくて…THE GOLD ONLINE（ゴールドオンライン）ライフ総合4/17(金) 14:30,"その人の日常生活の中でバランスが取れるかどうかって話じゃないかなぁ？
もちろんご褒美的に何か1点だけ高級品を持つとかもありかもしれないけど、その場合はあくまでそれが特別で、他に干渉しないという認識。

例えば、元来のお金持ちがいわゆる良い物に囲まれた生活をずっとしていると、それが当たり前で違和感が無いという感じかな。
それらを使う機会が日常に溶け込んでいるということ。

まあ、モノを持つ事にもエネルギーは使うし、最終的に、その人の器とのバランスも大事なポイントだと思います。",neutral,0.6085,neutral
https://news.yahoo.co.jp/articles/fcf9eb436a9e18dc52c9ab3ead627ec67d26b688,ユニクロのダウンのほうがよかった…投資で資産30億円を手にした男性、「100万円のコート」を「人生で1番後悔した買い物」と嘆くワケ…っとも楽しめませんでした。 そのとき、ぼくは思ったんです。「これなら、ユニクロのダウンジャケットのほうが、よっぽど幸せだったじゃん」と。安くて暖かくて…THE GOLD ONLINE（ゴールドオンライン）ライフ総合4/17(金) 14:30,"100万円のコートも、ただ重荷になるならもったいないですよね。
買える財力と、それを着る生活感が必ずイコールでもない。

自分も、もし明日から何十億円を持っていて、
それで億の腕時計とか超絶スポーツカーを買っても、
たぶん持て余すんだろうな。
そういうモノを普通に身につける価値観で動く世界で生活してないとね。
何十億円を持って、そういう単位のお金を当たり前に使う富裕層の世界に暮らしたら、100万円のコートをユニクロみたいに平然と着られるようになるのかな。
何十億円も持ってたら、
今できる宇宙旅行が自分への散財で、
あとは日本の動物園や博物館を支援したいかな。
文化は金だけで買えないけど、維持には金が必要だから。",neutral,0.6419,negative
https://news.yahoo.co.jp/articles/fcf9eb436a9e18dc52c9ab3ead627ec67d26b688,ユニクロのダウンのほうがよかった…投資で資産30億円を手にした男性、「100万円のコート」を「人生で1番後悔した買い物」と嘆くワケ…っとも楽しめませんでした。 そのとき、ぼくは思ったんです。「これなら、ユニクロのダウンジャケットのほうが、よっぽど幸せだったじゃん」と。安くて暖かくて…THE GOLD ONLINE（ゴールドオンライン）ライフ総合4/17(金) 14:30,僕は、そこまで高いものでありませんが、高いからよそ行きにとあまり履かなかった靴がいざ履くと劣化して履けなくなったり、高くてお気に入りだから着なかったら黄ばんだり、合皮が劣化さたりすることがあります。最近は、仕事も辞めたので気軽に着れる安物ばかり来てます。,neutral,0.681,neutral
https://news.yahoo.co.jp/articles/fcf9eb436a9e18dc52c9ab3ead627ec67d26b688,ユニクロのダウンのほうがよかった…投資で資産30億円を手にした男性、「100万円のコート」を「人生で1番後悔した買い物」と嘆くワケ…っとも楽しめませんでした。 そのとき、ぼくは思ったんです。「これなら、ユニクロのダウンジャケットのほうが、よっぽど幸せだったじゃん」と。安くて暖かくて…THE GOLD ONLINE（ゴールドオンライン）ライフ総合4/17(金) 14:30,"それはそのものにその値段に見合う価値を見出しているのかいないのかによると思う。一番あほらしいパターンが、金があるからと言って価値や扱い方も考えずにやみくもに100万円のコートなどを買う事だと思う。
今、エコ的な考えが流行ってるが、安物を使い捨てするのとそれなりの値段の丈夫なものを使い、修理したり、使う事への満足感を感じながら使長くうのは、エコだしコスパもいいという場合もある。",neutral,0.711,neutral
https://news.yahoo.co.jp/articles/fcf9eb436a9e18dc52c9ab3ead627ec67d26b688,ユニクロのダウンのほうがよかった…投資で資産30億円を手にした男性、「100万円のコート」を「人生で1番後悔した買い物」と嘆くワケ…っとも楽しめませんでした。 そのとき、ぼくは思ったんです。「これなら、ユニクロのダウンジャケットのほうが、よっぽど幸せだったじゃん」と。安くて暖かくて…THE GOLD ONLINE（ゴールドオンライン）ライフ総合4/17(金) 14:30,"高級ブランド品と大量生産品の違いを考えると、特に高機能な製品では、ブランド側が多額の開発費や人件費を投じて作り上げたものが市場で成功すると、その後は知的財産を侵害しない範囲で模倣品や類似品が次々と登場する。
メーカー小売価格はブランド価値を含めた“企業側の値決め”で決まるため、価格にはそのブランドを身に付けることによる満足感も含まれている。
実際、ブランド品には優れたものも多いが、ユニクロやGU、GLOBAL WORK、ワークマンといった大量生産ブランドも十分に開発されており、質の良い製品が多い。
「ユニクロのダウンのほうが快適だった」と感じてしまうと、高級ブランド品を買う意味が揺らぎ、次からブランド品を選びにくくなると感じる。",neutral,0.6232,neutral
https://news.yahoo.co.jp/articles/fcf9eb436a9e18dc52c9ab3ead627ec67d26b688,ユニクロのダウンのほうがよかった…投資で資産30億円を手にした男性、「100万円のコート」を「人生で1番後悔した買い物」と嘆くワケ…っとも楽しめませんでした。 そのとき、ぼくは思ったんです。「これなら、ユニクロのダウンジャケットのほうが、よっぽど幸せだったじゃん」と。安くて暖かくて…THE GOLD ONLINE（ゴールドオンライン）ライフ総合4/17(金) 14:30,"ある程度の資産が出来てからの方が物欲無くなりましたね。
車にしても時計にしてもマンションにしても「必要なら即金でいつでも買える」と思えるようになってから、無理してまで欲しいと思う事は減りました。

物欲って「ギリギリ手が届きそう」くらいの時が一番強くなる気がしますね。",neutral,0.535,neutral
https://news.yahoo.co.jp/articles/fcf9eb436a9e18dc52c9ab3ead627ec67d26b688,ユニクロのダウンのほうがよかった…投資で資産30億円を手にした男性、「100万円のコート」を「人生で1番後悔した買い物」と嘆くワケ…っとも楽しめませんでした。 そのとき、ぼくは思ったんです。「これなら、ユニクロのダウンジャケットのほうが、よっぽど幸せだったじゃん」と。安くて暖かくて…THE GOLD ONLINE（ゴールドオンライン）ライフ総合4/17(金) 14:30,"それはフェラーリを買う事が
人生最大の後悔した買い物と同じ事
盗まれたら、傷つけられたら、駐車場で上に上がるとき、下がるとき
擦る、マクドナルドのドライブスルーで擦る
曲がり切れないで
切り返し、料金払う窓が合わない、品物を降りてもらう
恥ずかしい事ばかりやる事になる
こんなのだったら、NBOX買えば良かったと後悔する",negative,0.965,negative
https://news.yahoo.co.jp/articles/fcf9eb436a9e18dc52c9ab3ead627ec67d26b688,ユニクロのダウンのほうがよかった…投資で資産30億円を手にした男性、「100万円のコート」を「人生で1番後悔した買い物」と嘆くワケ…っとも楽しめませんでした。 そのとき、ぼくは思ったんです。「これなら、ユニクロのダウンジャケットのほうが、よっぽど幸せだったじゃん」と。安くて暖かくて…THE GOLD ONLINE（ゴールドオンライン）ライフ総合4/17(金) 14:30,"今年2回目の車検があり
その後も2，3回は車検するつもりです。
次の車はミライースでいいのですが
自分が買う頃には200万ぐらい出さないと
買えなくなってるかもしれません。
ミライースに200万なら
ほかの車ならいくらになってるのだろう。
いろいろ考えてしまって
夜しか眠れなくなってしまいました。",negative,0.8111,negative
https://news.yahoo.co.jp/articles/fcf9eb436a9e18dc52c9ab3ead627ec67d26b688,ユニクロのダウンのほうがよかった…投資で資産30億円を手にした男性、「100万円のコート」を「人生で1番後悔した買い物」と嘆くワケ…っとも楽しめませんでした。 そのとき、ぼくは思ったんです。「これなら、ユニクロのダウンジャケットのほうが、よっぽど幸せだったじゃん」と。安くて暖かくて…THE GOLD ONLINE（ゴールドオンライン）ライフ総合4/17(金) 14:30,"ボロバイクとボロ自動車に乗っているが、何の心配もなく気楽で心地良い。
自家用ヘリや運転手なら欲しいけど、高級車は要らない。

ただ、100億でユニクロのダウンは買えるけど、1万円で100万円のダウンは買えない。

「買えない」のと「買わない」の差を理解できるのはある程度の金があっての事だよ。",neutral,0.8037,neutral
https://news.yahoo.co.jp/articles/fcf9eb436a9e18dc52c9ab3ead627ec67d26b688,ユニクロのダウンのほうがよかった…投資で資産30億円を手にした男性、「100万円のコート」を「人生で1番後悔した買い物」と嘆くワケ…っとも楽しめませんでした。 そのとき、ぼくは思ったんです。「これなら、ユニクロのダウンジャケットのほうが、よっぽど幸せだったじゃん」と。安くて暖かくて…THE GOLD ONLINE（ゴールドオンライン）ライフ総合4/17(金) 14:30,"ユニクロの商品はとても優秀です。ダウンジャケットは軽くて暖かい。どんなにお金があっても高いものばかり選ぶなんてあり得ませんね。
よく「身の丈に合った」なんて言葉がありますが、もしテスタさんのような100億長者になっても高いだけの買い物なんて身の丈に合うとは思えない。",neutral,0.6698,positive
https://news.yahoo.co.jp/articles/f0c2d63bdab052b5f30be8033f3519ef97ea239a,「可愛すぎて別の色も購入」ユニクロの“ワンピース”が高評価　「ゆったり着られるのにスタイルアップ」「ポケットが付いていて大活躍します」ユニクロから販売されている“ワンピース”が、楽に着られるのにスタイルアップ可能で、ポケットとインナーがあって便利だと人気を集めています。 　今回は…ねとらぼライフ総合4/16(木) 21:25,"リネンだと収縮性ほぼ無いし、その辺りはどうなのだろう。
汗も吸収するし、何処かに座ったら汗ジミの可能性も。
その辺りもクリアしているのかな？
肌にまとわりつかない感じは好きなんだけどね。",neutral,0.6661,negative
https://news.yahoo.co.jp/articles/d4ee798a840203ef769f0a771ff7294b9651b78e,40年代Levi'sやRRL！高円寺のオシャレたちのリアルなスタイルを徹底調査！…スーベニアジャケット、1980〜90年代のモンスター柄のスウェットにUNIQLOのボトムスを合わせています。シューズはUS NAVYのサービスシューズです。FORZA STYLEライフ総合4/16(木) 20:03,"大したことないな。
オレレベルだし記事にするのさえ…
この程度でオシャレって言うな。",neutral,0.7183,negative
https://news.yahoo.co.jp/articles/d4ee798a840203ef769f0a771ff7294b9651b78e,40年代Levi'sやRRL！高円寺のオシャレたちのリアルなスタイルを徹底調査！…スーベニアジャケット、1980〜90年代のモンスター柄のスウェットにUNIQLOのボトムスを合わせています。シューズはUS NAVYのサービスシューズです。FORZA STYLEライフ総合4/16(木) 20:03,汚いヒゲそれや,negative,0.9322,negative
https://news.yahoo.co.jp/articles/e2dffa685005f159a9c0dfb0fe06ddba8f9eacb1,もう「ファストブランド」じゃない。目の肥えた大人が今、ZARAに惹かれる理由【地曳いく子のお悩み相談】…リジェンヌたちはみんなユニクロのジーンズを穿いているらしいですよ。  一方で、10〜20代の若い世代にとってはZARAやユニクロがむしろ「少し高い高級…webマガジン mi-molletエンタメ総合4/16(木) 19:33,"ザラは良いものも確かにありますが、円安の影響で安くはない。
最近ザラに行って私が「あ、良いかも？」と手に取ったものはほぼ8000円越え
冬場に「良いな」と思ったコートは3万弱
率直な感想として「3万払うなら別にZARAじゃなくて良くない？」です。
勿論3000円台のものもありますよ
でもそれは手に取ると「ハイハイ、これは3000円台で利益取れるよね」という仕上がり具合。
円高の時は外資と国内ブランドの品質と価格が圧倒的に違っていたが円安の今はそのメリットはない。
ザラの強みとしては「国内のブランドにはない奇抜さ」ですね
プレタポルテの最新ランウェイのデザインを安価な素材で落とし込むというのがファストファッションの得意分野だと思う",neutral,0.8338,neutral
https://news.yahoo.co.jp/articles/e2dffa685005f159a9c0dfb0fe06ddba8f9eacb1,もう「ファストブランド」じゃない。目の肥えた大人が今、ZARAに惹かれる理由【地曳いく子のお悩み相談】…リジェンヌたちはみんなユニクロのジーンズを穿いているらしいですよ。  一方で、10〜20代の若い世代にとってはZARAやユニクロがむしろ「少し高い高級…webマガジン mi-molletエンタメ総合4/16(木) 19:33,"ジョン・ガリアーノが入った前後で価格帯が大きく変わらないのだとしたら、高い契約金のぶん素材や縫製などの品質を落とすしかなく、それなくしてはブランドの品位が保てるとも思えないんだよね…
それに、ブランドはファンとともに成長（上にスライド）するのは確かだけど、それをやり過ぎると先がないので、必ず若返りをはかる。ZARAが60代の方を視野に入れたブランド展開はさすがにないと思う。
ただ、質問者さんはおしゃれ上級者に違いない。",positive,0.5281,neutral
https://news.yahoo.co.jp/articles/e2dffa685005f159a9c0dfb0fe06ddba8f9eacb1,もう「ファストブランド」じゃない。目の肥えた大人が今、ZARAに惹かれる理由【地曳いく子のお悩み相談】…リジェンヌたちはみんなユニクロのジーンズを穿いているらしいですよ。  一方で、10〜20代の若い世代にとってはZARAやユニクロがむしろ「少し高い高級…webマガジン mi-molletエンタメ総合4/16(木) 19:33,"この春夏のZARAは、ボヘミアンなブラウスが沢山あって欲しい服だらけ。

普通、白いレースや刺繍なんて「これはイタい」となりそうだけど、ZARAのデザインは不思議とそうならないですね。",positive,0.6533,negative
https://news.yahoo.co.jp/articles/e2dffa685005f159a9c0dfb0fe06ddba8f9eacb1,もう「ファストブランド」じゃない。目の肥えた大人が今、ZARAに惹かれる理由【地曳いく子のお悩み相談】…リジェンヌたちはみんなユニクロのジーンズを穿いているらしいですよ。  一方で、10〜20代の若い世代にとってはZARAやユニクロがむしろ「少し高い高級…webマガジン mi-molletエンタメ総合4/16(木) 19:33,私は単純に高身長でほかのメーカーだと袖が足りないのでザラはとても重宝しています。,neutral,0.5969,positive
https://news.yahoo.co.jp/articles/e2dffa685005f159a9c0dfb0fe06ddba8f9eacb1,もう「ファストブランド」じゃない。目の肥えた大人が今、ZARAに惹かれる理由【地曳いく子のお悩み相談】…リジェンヌたちはみんなユニクロのジーンズを穿いているらしいですよ。  一方で、10〜20代の若い世代にとってはZARAやユニクロがむしろ「少し高い高級…webマガジン mi-molletエンタメ総合4/16(木) 19:33,"ZARA、素材や縫製良くなった？
可愛いけど、買うのは躊躇するわ。",neutral,0.7625,negative
https://news.yahoo.co.jp/articles/e2dffa685005f159a9c0dfb0fe06ddba8f9eacb1,もう「ファストブランド」じゃない。目の肥えた大人が今、ZARAに惹かれる理由【地曳いく子のお悩み相談】…リジェンヌたちはみんなユニクロのジーンズを穿いているらしいですよ。  一方で、10〜20代の若い世代にとってはZARAやユニクロがむしろ「少し高い高級…webマガジン mi-molletエンタメ総合4/16(木) 19:33,ZARAは一度着て洗ったら何故か後が続かない服…,negative,0.6754,negative
https://news.yahoo.co.jp/articles/e2dffa685005f159a9c0dfb0fe06ddba8f9eacb1,もう「ファストブランド」じゃない。目の肥えた大人が今、ZARAに惹かれる理由【地曳いく子のお悩み相談】…リジェンヌたちはみんなユニクロのジーンズを穿いているらしいですよ。  一方で、10〜20代の若い世代にとってはZARAやユニクロがむしろ「少し高い高級…webマガジン mi-molletエンタメ総合4/16(木) 19:33,"試着室だけにしておきますぅ
購入して家で着るとなんか違う",neutral,0.8641,neutral
https://news.yahoo.co.jp/articles/ac6998c73b627ea33010329cd8524edbdfaa0d83,"全身ユニクロでも「あのママ、オシャレ♡」40代の学校行事・ランチに効く“好印象”コーデ5選｜STORY…Vネックセーター￥3,990 ハイライズレギュラージーンズ￥4,990（すべてユニクロユー/ユニクロ）※ジャケット、セーターはMサイズ、ジーンズは25インチを着用　…magacolライフ総合4/16(木) 19:15","イエベなのかな。このモデル人は。
違う色の方が似合う気がする。",neutral,0.9382,neutral
https://news.yahoo.co.jp/articles/ac6998c73b627ea33010329cd8524edbdfaa0d83,"全身ユニクロでも「あのママ、オシャレ♡」40代の学校行事・ランチに効く“好印象”コーデ5選｜STORY…Vネックセーター￥3,990 ハイライズレギュラージーンズ￥4,990（すべてユニクロユー/ユニクロ）※ジャケット、セーターはMサイズ、ジーンズは25インチを着用　…magacolライフ総合4/16(木) 19:15",こんなユニクロで固めたらさすがにバレるよ。別に良いけど。,negative,0.4965,negative
https://news.yahoo.co.jp/articles/ac6998c73b627ea33010329cd8524edbdfaa0d83,"全身ユニクロでも「あのママ、オシャレ♡」40代の学校行事・ランチに効く“好印象”コーデ5選｜STORY…Vネックセーター￥3,990 ハイライズレギュラージーンズ￥4,990（すべてユニクロユー/ユニクロ）※ジャケット、セーターはMサイズ、ジーンズは25インチを着用　…magacolライフ総合4/16(木) 19:15",なんか最初の写真、教祖みたいな服装だなぁ,neutral,0.8993,neutral
https://news.yahoo.co.jp/articles/ac6998c73b627ea33010329cd8524edbdfaa0d83,"全身ユニクロでも「あのママ、オシャレ♡」40代の学校行事・ランチに効く“好印象”コーデ5選｜STORY…Vネックセーター￥3,990 ハイライズレギュラージーンズ￥4,990（すべてユニクロユー/ユニクロ）※ジャケット、セーターはMサイズ、ジーンズは25インチを着用　…magacolライフ総合4/16(木) 19:15",あれ？なんか全然素敵じゃないような…,positive,0.8079,negative
https://news.yahoo.co.jp/articles/ac6998c73b627ea33010329cd8524edbdfaa0d83,"全身ユニクロでも「あのママ、オシャレ♡」40代の学校行事・ランチに効く“好印象”コーデ5選｜STORY…Vネックセーター￥3,990 ハイライズレギュラージーンズ￥4,990（すべてユニクロユー/ユニクロ）※ジャケット、セーターはMサイズ、ジーンズは25インチを着用　…magacolライフ総合4/16(木) 19:15",全身ユニクロは抵抗ある,negative,0.921,neutral
https://news.yahoo.co.jp/articles/ac6998c73b627ea33010329cd8524edbdfaa0d83,"全身ユニクロでも「あのママ、オシャレ♡」40代の学校行事・ランチに効く“好印象”コーデ5選｜STORY…Vネックセーター￥3,990 ハイライズレギュラージーンズ￥4,990（すべてユニクロユー/ユニクロ）※ジャケット、セーターはMサイズ、ジーンズは25インチを着用　…magacolライフ総合4/16(木) 19:15",元が良くなきゃ何してもダメ・・・（私のこと）,negative,0.9484,neutral
https://news.yahoo.co.jp/articles/ac6998c73b627ea33010329cd8524edbdfaa0d83,"全身ユニクロでも「あのママ、オシャレ♡」40代の学校行事・ランチに効く“好印象”コーデ5選｜STORY…Vネックセーター￥3,990 ハイライズレギュラージーンズ￥4,990（すべてユニクロユー/ユニクロ）※ジャケット、セーターはMサイズ、ジーンズは25インチを着用　…magacolライフ総合4/16(木) 19:15",センタープラレス？,neutral,0.9633,neutral
https://news.yahoo.co.jp/articles/c895328112baa1d5f2651976e56e6eb7c76c1e28,オジのリネン×ワーク！ユニクロ7990円シャツジャケットが魅力的な理由…自然と高見えするのがいいですね。 リネン素材に定評のあるユニクロのこの安心感に加え、ユニクロ: Cならではのデザイン性が掛け合わさることで、日常使い…FORZA STYLEライフ総合4/16(木) 19:00,">■サイズ選びと着こなしは?
>サイズは適度にゆとりを持たせつつ、あえてコンパクトに収めるのがおすすめ

要は「マイサイズで」なんでしょうが、どうしてこんな書き方になるんでしょうか。字数でギャラが変わるのかな",neutral,0.9351,neutral
https://news.yahoo.co.jp/articles/c895328112baa1d5f2651976e56e6eb7c76c1e28,オジのリネン×ワーク！ユニクロ7990円シャツジャケットが魅力的な理由…自然と高見えするのがいいですね。 リネン素材に定評のあるユニクロのこの安心感に加え、ユニクロ: Cならではのデザイン性が掛け合わさることで、日常使い…FORZA STYLEライフ総合4/16(木) 19:00,これは、買ったはものの着なくなるパターンの典型な服とみる。,neutral,0.8143,neutral
https://news.yahoo.co.jp/articles/c895328112baa1d5f2651976e56e6eb7c76c1e28,オジのリネン×ワーク！ユニクロ7990円シャツジャケットが魅力的な理由…自然と高見えするのがいいですね。 リネン素材に定評のあるユニクロのこの安心感に加え、ユニクロ: Cならではのデザイン性が掛け合わさることで、日常使い…FORZA STYLEライフ総合4/16(木) 19:00,オジって定番化した言葉なのね,neutral,0.9422,neutral
https://news.yahoo.co.jp/articles/c895328112baa1d5f2651976e56e6eb7c76c1e28,オジのリネン×ワーク！ユニクロ7990円シャツジャケットが魅力的な理由…自然と高見えするのがいいですね。 リネン素材に定評のあるユニクロのこの安心感に加え、ユニクロ: Cならではのデザイン性が掛け合わさることで、日常使い…FORZA STYLEライフ総合4/16(木) 19:00,"FORZA STYLE！！
イケオジのバイブル",positive,0.6625,positive
https://news.yahoo.co.jp/articles/e0f8157bb6db9b4cdeab350a5f092dfb3d2ad75f,「なかなか食べられないレア商品」「価格は驚きの360円！」　すき家が投入「とん汁みそらーめん」が決して“迷走”でないワケ…ーン各社がここ数年、明確にラーメン領域へ踏み込んでいるという事実だ。吉野家はラーメン店のM＆Aを進め、専門業態の獲得に動いている。加えて「牛玉スタ…東洋経済オンライン社会4/16(木) 5:46,"吉野家と松屋の新メニューは美味しいが、明らかに新オペが追加となりその事が価格にも反映されている。

オペレーションさほど変更する事なく、結果的に比較的安価に提供できるのだとしたら歓迎するユーザーは少なくないと思います。",positive,0.9085,negative
https://news.yahoo.co.jp/articles/e0f8157bb6db9b4cdeab350a5f092dfb3d2ad75f,「なかなか食べられないレア商品」「価格は驚きの360円！」　すき家が投入「とん汁みそらーめん」が決して“迷走”でないワケ…ーン各社がここ数年、明確にラーメン領域へ踏み込んでいるという事実だ。吉野家はラーメン店のM＆Aを進め、専門業態の獲得に動いている。加えて「牛玉スタ…東洋経済オンライン社会4/16(木) 5:46,"ゼンショーグループのラーメン屋「威風」では朝メニューとして5:00〜11:00出している朝メニューの""豚汁ラーメン、ライスと玉子付き""は麺大盛り無料で590円です。
前から寒い季節に売っているけれど、暑い季節は冷やし醤油ラーメンとかになったはず。
これから暑くなっていくところだろうに、すき家ではこれから豚汁ラーメンを売るのかな。",neutral,0.7538,neutral
https://news.yahoo.co.jp/articles/e0f8157bb6db9b4cdeab350a5f092dfb3d2ad75f,「なかなか食べられないレア商品」「価格は驚きの360円！」　すき家が投入「とん汁みそらーめん」が決して“迷走”でないワケ…ーン各社がここ数年、明確にラーメン領域へ踏み込んでいるという事実だ。吉野家はラーメン店のM＆Aを進め、専門業態の獲得に動いている。加えて「牛玉スタ…東洋経済オンライン社会4/16(木) 5:46,しかしこの時代に360円とは凄い。新井のたちばなの豚汁定食桁が違うから、価値観考えれば相当安い。ただ、ゼンショーは最近食中毒やネガティブな報道が増えてきて、23時間営業にした成果が微妙な状況。安いけど何か乗り気になれない。,negative,0.9035,negative
https://news.yahoo.co.jp/articles/e0f8157bb6db9b4cdeab350a5f092dfb3d2ad75f,「なかなか食べられないレア商品」「価格は驚きの360円！」　すき家が投入「とん汁みそらーめん」が決して“迷走”でないワケ…ーン各社がここ数年、明確にラーメン領域へ踏み込んでいるという事実だ。吉野家はラーメン店のM＆Aを進め、専門業態の獲得に動いている。加えて「牛玉スタ…東洋経済オンライン社会4/16(木) 5:46,"松屋でも豚汁変更するほど豚汁好きとしてはぜひ試しておきたいです
豚汁はラーメンでもうどんでもほうとうでも小麦との相性が良い気がします",positive,0.9412,neutral
https://news.yahoo.co.jp/articles/e0f8157bb6db9b4cdeab350a5f092dfb3d2ad75f,「なかなか食べられないレア商品」「価格は驚きの360円！」　すき家が投入「とん汁みそらーめん」が決して“迷走”でないワケ…ーン各社がここ数年、明確にラーメン領域へ踏み込んでいるという事実だ。吉野家はラーメン店のM＆Aを進め、専門業態の獲得に動いている。加えて「牛玉スタ…東洋経済オンライン社会4/16(木) 5:46,これはやばい。豚汁好きとしては食べないといけないメニュー。業界でブームになってその後定着してくれると良いな。,positive,0.9465,neutral
https://news.yahoo.co.jp/articles/e0f8157bb6db9b4cdeab350a5f092dfb3d2ad75f,「なかなか食べられないレア商品」「価格は驚きの360円！」　すき家が投入「とん汁みそらーめん」が決して“迷走”でないワケ…ーン各社がここ数年、明確にラーメン領域へ踏み込んでいるという事実だ。吉野家はラーメン店のM＆Aを進め、専門業態の獲得に動いている。加えて「牛玉スタ…東洋経済オンライン社会4/16(木) 5:46,"牛丼たまごセットの画像見ると普通のラーメンどんぶりサイズの様だから麺の量は120ｇ∼150ℊ位かな？
だとしたら360円コスパいいね
小食な人はこれだけでもお腹満たされそう",positive,0.9131,positive
https://news.yahoo.co.jp/articles/e0f8157bb6db9b4cdeab350a5f092dfb3d2ad75f,「なかなか食べられないレア商品」「価格は驚きの360円！」　すき家が投入「とん汁みそらーめん」が決して“迷走”でないワケ…ーン各社がここ数年、明確にラーメン領域へ踏み込んでいるという事実だ。吉野家はラーメン店のM＆Aを進め、専門業態の獲得に動いている。加えて「牛玉スタ…東洋経済オンライン社会4/16(木) 5:46,"価格帯が牛丼に比べ引き上げやすい‥‥‥
なるべく低価格に抑えたい時に牛丼店へ向かう。
ラーメンを食べるなら、それなりのラーメン店へ行く。",positive,0.6667,neutral
https://news.yahoo.co.jp/articles/e0f8157bb6db9b4cdeab350a5f092dfb3d2ad75f,「なかなか食べられないレア商品」「価格は驚きの360円！」　すき家が投入「とん汁みそらーめん」が決して“迷走”でないワケ…ーン各社がここ数年、明確にラーメン領域へ踏み込んでいるという事実だ。吉野家はラーメン店のM＆Aを進め、専門業態の獲得に動いている。加えて「牛玉スタ…東洋経済オンライン社会4/16(木) 5:46,価格も安いが量も少ないと聞いた。やはりメインは牛丼でセットで頼ませたいのだろう。,neutral,0.8383,neutral
https://news.yahoo.co.jp/articles/e0f8157bb6db9b4cdeab350a5f092dfb3d2ad75f,「なかなか食べられないレア商品」「価格は驚きの360円！」　すき家が投入「とん汁みそらーめん」が決して“迷走”でないワケ…ーン各社がここ数年、明確にラーメン領域へ踏み込んでいるという事実だ。吉野家はラーメン店のM＆Aを進め、専門業態の獲得に動いている。加えて「牛玉スタ…東洋経済オンライン社会4/16(木) 5:46,この値段なら気楽に頼めますもんね…。すき家さんもセルフ店を多くしないと店員さんが忙しいかも知れませんね。,neutral,0.883,neutral
https://news.yahoo.co.jp/articles/e0f8157bb6db9b4cdeab350a5f092dfb3d2ad75f,「なかなか食べられないレア商品」「価格は驚きの360円！」　すき家が投入「とん汁みそらーめん」が決して“迷走”でないワケ…ーン各社がここ数年、明確にラーメン領域へ踏み込んでいるという事実だ。吉野家はラーメン店のM＆Aを進め、専門業態の獲得に動いている。加えて「牛玉スタ…東洋経済オンライン社会4/16(木) 5:46,"家で食べるなら分るが、店で食べたいとは思えない。
でも、この低価格は魅力的。",positive,0.9221,positive
https://news.yahoo.co.jp/articles/e8f2b518cb749cd5e336cd00623e4cd24c93bd36,母の日ギフト吉野家は有田焼の「感謝丼」を提案　特製どんぶり柄箱、ギフトラッピングも【一覧】吉野家は、「吉野家公式通販ショップ」などのECモール店舗で「母の日ギフト」を提案している。有田焼の「吉野家感謝丼」が付いたセットなどを、5月15日まで販売する。オリコンライフ総合4/15(水) 19:16,個人的にはむちゃくちゃ刺さるんだけど、吉野家に興味がない母ちゃんに贈っても「はぁ？？」と言われるのがオチなので、自分用に買う。,neutral,0.7605,neutral
https://news.yahoo.co.jp/articles/e8f2b518cb749cd5e336cd00623e4cd24c93bd36,母の日ギフト吉野家は有田焼の「感謝丼」を提案　特製どんぶり柄箱、ギフトラッピングも【一覧】吉野家は、「吉野家公式通販ショップ」などのECモール店舗で「母の日ギフト」を提案している。有田焼の「吉野家感謝丼」が付いたセットなどを、5月15日まで販売する。オリコンライフ総合4/15(水) 19:16,ポイントを貯めて、茶碗サイズを吉野家で入手しましたっけ、が母ちゃんには伝わらなくて⋯ネ    欲しいです!!が我欲だからなぁ,positive,0.6498,neutral
https://news.yahoo.co.jp/articles/e8f2b518cb749cd5e336cd00623e4cd24c93bd36,母の日ギフト吉野家は有田焼の「感謝丼」を提案　特製どんぶり柄箱、ギフトラッピングも【一覧】吉野家は、「吉野家公式通販ショップ」などのECモール店舗で「母の日ギフト」を提案している。有田焼の「吉野家感謝丼」が付いたセットなどを、5月15日まで販売する。オリコンライフ総合4/15(水) 19:16,これよりカービーのどんぶりを常設販売して欲しい,positive,0.6685,neutral
https://news.yahoo.co.jp/articles/032edf34c27833507e50dd22355e7cebedc95841,【累計5億食】吉野家の冷凍牛丼、33年で全国7800店に販路拡大…吉野家は4月14日、1993年に発売した「冷凍牛丼の具」が、2026年2月末時点で累計出荷数5億食（出荷ベース）を達成したと発表した。 ■電子レンジ…食品産業新聞社ニュースWEB経済総合4/14(火) 16:32,"店とは違う。
小さな肉。
本当にボ ○ 肉だから。

BRO",neutral,0.9156,negative
https://news.yahoo.co.jp/articles/268772c6722aa83f1a90695cc0a8ad3f36efa540,バーガー59円、牛丼280円の時代は終わったが…令和の日高屋に残る「390円ラーメン」の哲学…9円（税別）で販売した。 　また、吉野家は2001年（平成13年）から牛丼1杯並280円（税込）で売っていた。吉野家は米国産牛バラ肉の部位の一部、ショ…デイリー新潮経済総合4/14(火) 6:00,"吉野家の牛丼２８０円は特別安いという意識は無かったが、マクドナルドのハンバーガー５９円はさすがに安すぎという感覚で、雑誌の特集で細かい原価の計算式が出ていて結果的に１円利益が出るという設定にはなってたなあ。

ハンバーガー３個にコークのＳで腹いっぱいになってちょうど牛丼くらいのお値段だったからお得感が高かった。",positive,0.7833,positive
https://news.yahoo.co.jp/articles/268772c6722aa83f1a90695cc0a8ad3f36efa540,バーガー59円、牛丼280円の時代は終わったが…令和の日高屋に残る「390円ラーメン」の哲学…9円（税別）で販売した。 　また、吉野家は2001年（平成13年）から牛丼1杯並280円（税込）で売っていた。吉野家は米国産牛バラ肉の部位の一部、ショ…デイリー新潮経済総合4/14(火) 6:00,日高屋は普通に食事も出来て、お酒も充実しているので手軽に飲めて、最後の締めに中華そばか半ラーメンなんて事も出来ちゃうんで、自分は割と重宝していますね。それでいて値段もリーズナブル。それを思えば、地域のインフラの役目を充分に果たしていると思いますね。,positive,0.9739,positive
https://news.yahoo.co.jp/articles/268772c6722aa83f1a90695cc0a8ad3f36efa540,バーガー59円、牛丼280円の時代は終わったが…令和の日高屋に残る「390円ラーメン」の哲学…9円（税別）で販売した。 　また、吉野家は2001年（平成13年）から牛丼1杯並280円（税込）で売っていた。吉野家は米国産牛バラ肉の部位の一部、ショ…デイリー新潮経済総合4/14(火) 6:00,あの頃は若かったし安かったので普通にバーガー３個食べたし、よくマックへ行ったな。翻って今はじじいになりマックには数年に一度しか行かなくなった。ハンバーガーは嫌いではなく家では作って食べている。値段と味のバランスかなあ・・。同じ系統ならバーガーキングのワッパーかな。こちらは年に2回くらい行っている。爺になったが画面で注文はできるぞ。でももっと複雑になったら行かないな。そこまでして食べるものではない。,neutral,0.7615,negative
https://news.yahoo.co.jp/articles/268772c6722aa83f1a90695cc0a8ad3f36efa540,バーガー59円、牛丼280円の時代は終わったが…令和の日高屋に残る「390円ラーメン」の哲学…9円（税別）で販売した。 　また、吉野家は2001年（平成13年）から牛丼1杯並280円（税込）で売っていた。吉野家は米国産牛バラ肉の部位の一部、ショ…デイリー新潮経済総合4/14(火) 6:00,"セット価格でやれば良いけど、単品価格で下げたら意図しない食べ方をする人が出ると思う。ラーメンだけ安く食べて終わりみたいな。そればかりでは従業員の給料も払えない。
マックの59円もそうだけど、それ以外の注文もあるからできる金額なんだと思う。まぁ客が悪いわけではないけど、その辺理解できないとそういう店や商品はなくなると思う。",negative,0.8478,negative
https://news.yahoo.co.jp/articles/268772c6722aa83f1a90695cc0a8ad3f36efa540,バーガー59円、牛丼280円の時代は終わったが…令和の日高屋に残る「390円ラーメン」の哲学…9円（税別）で販売した。 　また、吉野家は2001年（平成13年）から牛丼1杯並280円（税込）で売っていた。吉野家は米国産牛バラ肉の部位の一部、ショ…デイリー新潮経済総合4/14(火) 6:00,"まぁ価格への経営努力は素晴らしいけれど、価格ではなく品質の方も、もっと重視しても良いんじゃないか？

今の時代、多少高くても、無添加とか野菜多目にとれるとか、健康面にある程度金だすって人は幾らでもいると思う。

コスパ全振りと意識高い系に二極化し過ぎと思うんよな。

中間が出てきてほしい。",negative,0.5988,negative
https://news.yahoo.co.jp/articles/268772c6722aa83f1a90695cc0a8ad3f36efa540,バーガー59円、牛丼280円の時代は終わったが…令和の日高屋に残る「390円ラーメン」の哲学…9円（税別）で販売した。 　また、吉野家は2001年（平成13年）から牛丼1杯並280円（税込）で売っていた。吉野家は米国産牛バラ肉の部位の一部、ショ…デイリー新潮経済総合4/14(火) 6:00,基本輸入に頼っている日本だけがデフレ経済をしていて他の国はちょっとずつ物価が上がっていっていたのを円高でごまかしていたのが、円安で吸収できなくなって大幅に値上げせざるを得なくなったわけだからね。庶民は安いほうがといっても日本だけで完結できないんだからどこかで見切りをつけるべきだったんだよ。,negative,0.8903,negative
https://news.yahoo.co.jp/articles/268772c6722aa83f1a90695cc0a8ad3f36efa540,バーガー59円、牛丼280円の時代は終わったが…令和の日高屋に残る「390円ラーメン」の哲学…9円（税別）で販売した。 　また、吉野家は2001年（平成13年）から牛丼1杯並280円（税込）で売っていた。吉野家は米国産牛バラ肉の部位の一部、ショ…デイリー新潮経済総合4/14(火) 6:00,"価格面や営業時間が26時迄で深夜割増無しもありがたい
ただ、元が突出した美味しさを目指さない方針なので店舗や人により味の差があり塩気や調味料が多すぎたり餃子等の焼き加減も難がある時がある
加えて新宿等繁華街の店舗ではトイレはじめ店内のゴミと汚れが酷い",negative,0.986,negative
https://news.yahoo.co.jp/articles/268772c6722aa83f1a90695cc0a8ad3f36efa540,バーガー59円、牛丼280円の時代は終わったが…令和の日高屋に残る「390円ラーメン」の哲学…9円（税別）で販売した。 　また、吉野家は2001年（平成13年）から牛丼1杯並280円（税込）で売っていた。吉野家は米国産牛バラ肉の部位の一部、ショ…デイリー新潮経済総合4/14(火) 6:00,"日本の闇、そのものの記事。
マクドナルドは、残業代未払いをやる、超絶ブラック企業。

２５年も前の５９円やら２８０円の事を終わったって言う記者の感覚、おかしくないか？
ついでに
５９円バーガーをかくのなら、その数年後のマクドナルド残業代未払い裁判敗訴も書かないとダメでは？

５９円バーガーは、残業代未払いの怨念バーガー。

スマホやSNSが登場する以前の、働く人の声が闇に消えていた暗黒時代。
過労死世代の誕生。
この記者も、当時の働く人の声が届かなかったから、こんな記事が書けるわけで。

ほんと、おそろしい。",negative,0.8279,negative
https://news.yahoo.co.jp/articles/268772c6722aa83f1a90695cc0a8ad3f36efa540,バーガー59円、牛丼280円の時代は終わったが…令和の日高屋に残る「390円ラーメン」の哲学…9円（税別）で販売した。 　また、吉野家は2001年（平成13年）から牛丼1杯並280円（税込）で売っていた。吉野家は米国産牛バラ肉の部位の一部、ショ…デイリー新潮経済総合4/14(火) 6:00,"当時はハンバーガーが安かったから、ハンバーガー1000個のピラミッドを作るというおバカなイベントを中学生の身分でも数十人いればできた。
SNSも盛んでなかったから、ただの自己満足。
部活帰りの生徒とかにも5個300円で買ってもらったりして、全部食べきった思い出。",neutral,0.5494,neutral
https://news.yahoo.co.jp/articles/268772c6722aa83f1a90695cc0a8ad3f36efa540,バーガー59円、牛丼280円の時代は終わったが…令和の日高屋に残る「390円ラーメン」の哲学…9円（税別）で販売した。 　また、吉野家は2001年（平成13年）から牛丼1杯並280円（税込）で売っていた。吉野家は米国産牛バラ肉の部位の一部、ショ…デイリー新潮経済総合4/14(火) 6:00,"ある程度は仕方ない部分もあると思うが店員の質が異常に悪い。
ここ２～３年で店の中が滅茶苦茶でまともに回ってない店舗は５回ほど見たがそのうち３回は日高屋だった。注文してから何の前置きもなく３０分以上待たされたことがあるのも人生通して唯一ここだけ。よっぽど労働環境が悪いんだろうと予想できる。",negative,0.9544,negative
https://news.yahoo.co.jp/articles/63173f9431c0f4cfb2d1a4db8c09ed3917345af2,「腹パンになれる」「すっかりハマってしまった」吉野家の“盛りだくさんモーニング”ご飯のおかわり無料が嬉しすぎる！…マンの山盛くんが、おいしくてコスパのいいメニューをご紹介します。​ ●吉野家で、朝からお腹いっぱいになれる「定食」を発見！ 　1899年に日本橋（東…ダイヤモンド・オンライン経済総合4/13(月) 6:30,"やはり、朝定食には、吉野家が一番、パリパリの海苔、香りも良い、納豆も1パックで大きい、他の会社は小カップでケチ臭いし。豚汁も吉野家が一番お気に入り。松屋も悪くないけど、ご飯のお代わり可能な店舗が少ない。
すき家は24時間（23時間営業になった）好きな時に納豆定食が食べれるけど、味噌汁は嫌い、お代わりが出来ない。やっぱり、総合優勝は、吉野家だな。",neutral,0.7828,neutral
https://news.yahoo.co.jp/articles/63173f9431c0f4cfb2d1a4db8c09ed3917345af2,「腹パンになれる」「すっかりハマってしまった」吉野家の“盛りだくさんモーニング”ご飯のおかわり無料が嬉しすぎる！…マンの山盛くんが、おいしくてコスパのいいメニューをご紹介します。​ ●吉野家で、朝からお腹いっぱいになれる「定食」を発見！ 　1899年に日本橋（東…ダイヤモンド・オンライン経済総合4/13(月) 6:30,"個人的には圧倒的に松屋のモーニング。
店舗によるがご飯おかわり無料だし、目玉焼き、ウィンナー、牛皿、お新香、のり、味噌汁で、まず特盛ご飯にお新香をのりで包んで食べて、1/3くらいご飯が無くなる。
その後目玉焼きをご飯に乗せてウインナーと食べる。
おかわりで並盛ご飯頼んで牛皿を掛けて小牛丼で満腹。
お腹空いてきたな。",neutral,0.7118,neutral
https://news.yahoo.co.jp/articles/63173f9431c0f4cfb2d1a4db8c09ed3917345af2,「腹パンになれる」「すっかりハマってしまった」吉野家の“盛りだくさんモーニング”ご飯のおかわり無料が嬉しすぎる！…マンの山盛くんが、おいしくてコスパのいいメニューをご紹介します。​ ●吉野家で、朝からお腹いっぱいになれる「定食」を発見！ 　1899年に日本橋（東…ダイヤモンド・オンライン経済総合4/13(月) 6:30,"吉野家の朝定食は他競合と比べて比較的に高い
早い安い美味いの三拍子揃っての吉野家だったが最近の店舗は早くもないし残念でしかない",negative,0.9227,negative
https://news.yahoo.co.jp/articles/63173f9431c0f4cfb2d1a4db8c09ed3917345af2,「腹パンになれる」「すっかりハマってしまった」吉野家の“盛りだくさんモーニング”ご飯のおかわり無料が嬉しすぎる！…マンの山盛くんが、おいしくてコスパのいいメニューをご紹介します。​ ●吉野家で、朝からお腹いっぱいになれる「定食」を発見！ 　1899年に日本橋（東…ダイヤモンド・オンライン経済総合4/13(月) 6:30,飲食チェーン店の、宣伝みたいな記事は要らないよ。最近はネタ切れか？何かしらんけど、当初の趣旨とは違うモーニングばっかりやっているし。調べれば簡単に手に入る大手飲食チェーン店の情報なんて無意味ですね。,negative,0.8472,negative
https://news.yahoo.co.jp/articles/63173f9431c0f4cfb2d1a4db8c09ed3917345af2,「腹パンになれる」「すっかりハマってしまった」吉野家の“盛りだくさんモーニング”ご飯のおかわり無料が嬉しすぎる！…マンの山盛くんが、おいしくてコスパのいいメニューをご紹介します。​ ●吉野家で、朝からお腹いっぱいになれる「定食」を発見！ 　1899年に日本橋（東…ダイヤモンド・オンライン経済総合4/13(月) 6:30,画像リンク開いた途端これっぽっちも「盛りだくさんモーニング」じゃなくてズコーだったが、ご飯はおかわり無料なのでご飯で腹パンパンになれるのは間違いない。,positive,0.6961,positive
https://news.yahoo.co.jp/articles/63173f9431c0f4cfb2d1a4db8c09ed3917345af2,「腹パンになれる」「すっかりハマってしまった」吉野家の“盛りだくさんモーニング”ご飯のおかわり無料が嬉しすぎる！…マンの山盛くんが、おいしくてコスパのいいメニューをご紹介します。​ ●吉野家で、朝からお腹いっぱいになれる「定食」を発見！ 　1899年に日本橋（東…ダイヤモンド・オンライン経済総合4/13(月) 6:30,"腹パンにはなるだろうがやはり吉野家行ったら牛丼ら肉系食いたい
630円で得と言うが牛丼並に味噌汁・お新香セットで700円
やはり牛丼食うわ",positive,0.7762,negative
https://news.yahoo.co.jp/articles/63173f9431c0f4cfb2d1a4db8c09ed3917345af2,「腹パンになれる」「すっかりハマってしまった」吉野家の“盛りだくさんモーニング”ご飯のおかわり無料が嬉しすぎる！…マンの山盛くんが、おいしくてコスパのいいメニューをご紹介します。​ ●吉野家で、朝からお腹いっぱいになれる「定食」を発見！ 　1899年に日本橋（東…ダイヤモンド・オンライン経済総合4/13(月) 6:30,"納豆牛小鉢の豚汁変更で特朝より安いから
栄養バランス考えてこれ食べることが多いですね",neutral,0.5435,neutral
https://news.yahoo.co.jp/articles/63173f9431c0f4cfb2d1a4db8c09ed3917345af2,「腹パンになれる」「すっかりハマってしまった」吉野家の“盛りだくさんモーニング”ご飯のおかわり無料が嬉しすぎる！…マンの山盛くんが、おいしくてコスパのいいメニューをご紹介します。​ ●吉野家で、朝からお腹いっぱいになれる「定食」を発見！ 　1899年に日本橋（東…ダイヤモンド・オンライン経済総合4/13(月) 6:30,今、モーニング各店で楽しんでるけど、牛丼屋の和定食は中年男性多いな。それが腹パンパンで喜ぶとは思わん。コーヒー屋のモーニングは若い人多いな。,neutral,0.7645,neutral
https://news.yahoo.co.jp/articles/63173f9431c0f4cfb2d1a4db8c09ed3917345af2,「腹パンになれる」「すっかりハマってしまった」吉野家の“盛りだくさんモーニング”ご飯のおかわり無料が嬉しすぎる！…マンの山盛くんが、おいしくてコスパのいいメニューをご紹介します。​ ●吉野家で、朝からお腹いっぱいになれる「定食」を発見！ 　1899年に日本橋（東…ダイヤモンド・オンライン経済総合4/13(月) 6:30,腹パンは腹部を殴るときに使用するミームですよ。満腹のことを腹パンとは言いませんし誤解を招くのでやめましょう,negative,0.9293,negative
https://news.yahoo.co.jp/articles/63173f9431c0f4cfb2d1a4db8c09ed3917345af2,「腹パンになれる」「すっかりハマってしまった」吉野家の“盛りだくさんモーニング”ご飯のおかわり無料が嬉しすぎる！…マンの山盛くんが、おいしくてコスパのいいメニューをご紹介します。​ ●吉野家で、朝からお腹いっぱいになれる「定食」を発見！ 　1899年に日本橋（東…ダイヤモンド・オンライン経済総合4/13(月) 6:30,おかわり分の料金含んでるから高いので、並盛一杯で十分な自分は定食類は頼まない。,neutral,0.6253,negative
https://news.yahoo.co.jp/articles/348a788f2d7db2c22a35a38daa56418e12ad42cf,吉野家＆松屋、倒産ラッシュの「ラーメン」業界に本格参入　“1000円の壁”乗り越えられるのか【専門家に聞く】近年、吉野家ホールディングス（東京都中央区）や松屋フーズホールディングス（東京都武蔵野市）などの大手外食チェーンが、ラーメン店の運営会社を相次いで…オトナンサーライフ総合4/12(日) 14:15,"個人経営のラーメン店主は、急逝してしまう人が多い過酷な仕事。特にスープ作りに時間と手間が掛かる分、労働時間は1日何時間になるのか？

その1番手間の掛かるスープ作りをセントラルキッチンで大量に作り、味は100点でなくても80点で妥協する事によって価格を抑える事が可能かも知れない。

ただ、ラーメンの味には流行り廃りがあるので客の好みに合わせ続けられるかが鍵になりそう。",neutral,0.8458,neutral
https://news.yahoo.co.jp/articles/348a788f2d7db2c22a35a38daa56418e12ad42cf,吉野家＆松屋、倒産ラッシュの「ラーメン」業界に本格参入　“1000円の壁”乗り越えられるのか【専門家に聞く】近年、吉野家ホールディングス（東京都中央区）や松屋フーズホールディングス（東京都武蔵野市）などの大手外食チェーンが、ラーメン店の運営会社を相次いで…オトナンサーライフ総合4/12(日) 14:15,"ラーメンの好みは驚くほどに千差万別です。

Ａ店はうまいと聞きつけて実際に行ったが、結果自分好みではなかった、再び来ることはないと。
一方で話題性はあまり無いが前からの行きつけのB店の方が自分にとってははるかに美味しいと。

ラーメン、特に小規模店はこれがあります。
食べ歩き尽くした百戦錬磨のコアなラーメンファンが行き着いた結論でひいきにしているのです。
そういうファンが来ることはまずないです。

チェーンラーメン店は良くも悪くも内容が均一システマティックです。
かつ万人受けする、これといって特徴無い無難なものになるでしょう。
競合チェーンとの差別化はかなり難しいと思います。
食べ比べてもどっちも可でもなく不可でもなくと…。",neutral,0.6011,neutral
https://news.yahoo.co.jp/articles/348a788f2d7db2c22a35a38daa56418e12ad42cf,吉野家＆松屋、倒産ラッシュの「ラーメン」業界に本格参入　“1000円の壁”乗り越えられるのか【専門家に聞く】近年、吉野家ホールディングス（東京都中央区）や松屋フーズホールディングス（東京都武蔵野市）などの大手外食チェーンが、ラーメン店の運営会社を相次いで…オトナンサーライフ総合4/12(日) 14:15,美味しければ1000円超えても食べるけど吉野家＆松屋とかで食べるなら小ラーメンとか出して欲しい。何なら牛丼（松屋は牛めしか）と小ラーメンセットで1000円位だったら食べに行きたいな。大袈裟な湯切りパフォーマンスとか要らないし、食べきれないほどの野菜とか麺も要らない、シンプルなラーメンなら食べに行きたいと思いますけどね。近くの飲み屋さんで袋ラーメン煮てネギ刻んだの入れただけで650円も取ってるんだから1000円位は許容範囲だと思います。,positive,0.6466,positive
https://news.yahoo.co.jp/articles/348a788f2d7db2c22a35a38daa56418e12ad42cf,吉野家＆松屋、倒産ラッシュの「ラーメン」業界に本格参入　“1000円の壁”乗り越えられるのか【専門家に聞く】近年、吉野家ホールディングス（東京都中央区）や松屋フーズホールディングス（東京都武蔵野市）などの大手外食チェーンが、ラーメン店の運営会社を相次いで…オトナンサーライフ総合4/12(日) 14:15,"利益率が高いからと言ってうまくいくとは思えない。同じ値段なら日高屋とか相性の良い他メニューがあるとこに、多くは行くんじゃ無いか。短期的に物珍しさで客が増えても一時的で、また失敗だと思いますね。
これまで決して目指そうとしない、値段が高くても納得できる品質の肉料理（牛丼）を開発するしか無いと思います。",neutral,0.6525,neutral
https://news.yahoo.co.jp/articles/348a788f2d7db2c22a35a38daa56418e12ad42cf,吉野家＆松屋、倒産ラッシュの「ラーメン」業界に本格参入　“1000円の壁”乗り越えられるのか【専門家に聞く】近年、吉野家ホールディングス（東京都中央区）や松屋フーズホールディングス（東京都武蔵野市）などの大手外食チェーンが、ラーメン店の運営会社を相次いで…オトナンサーライフ総合4/12(日) 14:15,"観光地の奈良市でのラーメン問題もひどい。
外国人観光客目当てのようなラーメン店が増えたことで、地元ラーメン屋も高価格帯に変わってきた。
最近も新店舗が開店したが一杯4,500円ぐらいのラーメンを出してる。県外資本のラーメン屋は軒並み2,000円代の価格帯で出店しては閉店の繰り返し。結果飲食店の物価高で、地元民としては生活し辛い。",negative,0.9786,negative
https://news.yahoo.co.jp/articles/348a788f2d7db2c22a35a38daa56418e12ad42cf,吉野家＆松屋、倒産ラッシュの「ラーメン」業界に本格参入　“1000円の壁”乗り越えられるのか【専門家に聞く】近年、吉野家ホールディングス（東京都中央区）や松屋フーズホールディングス（東京都武蔵野市）などの大手外食チェーンが、ラーメン店の運営会社を相次いで…オトナンサーライフ総合4/12(日) 14:15,"ラーメンはチェーン化しても味の統一性が難しいので、個人的にはあまり歓迎ではないですが、普段安く食べたいとなるといいのかもしれませんね。
個人店に頑張ってもらっておいしいラーメンを作ってもらいたいです。",positive,0.8567,neutral
https://news.yahoo.co.jp/articles/348a788f2d7db2c22a35a38daa56418e12ad42cf,吉野家＆松屋、倒産ラッシュの「ラーメン」業界に本格参入　“1000円の壁”乗り越えられるのか【専門家に聞く】近年、吉野家ホールディングス（東京都中央区）や松屋フーズホールディングス（東京都武蔵野市）などの大手外食チェーンが、ラーメン店の運営会社を相次いで…オトナンサーライフ総合4/12(日) 14:15,牛丼の価格が上げづらいことから 既存店に利益率の高いラーメンを サイドとして収益を見込んでいるのでしょうね 各店舗でスープを炊くわけでもなく オペレーションも組み込み易いでしょうが 利用者に受け入れられるかはこれからの価格やバリエーションでしょうが 実質牛丼とラーメンは住み分けされており ラーメンを食べに牛丼チェーンに行こうとはなかなか思わないですね,neutral,0.6411,negative
https://news.yahoo.co.jp/articles/348a788f2d7db2c22a35a38daa56418e12ad42cf,吉野家＆松屋、倒産ラッシュの「ラーメン」業界に本格参入　“1000円の壁”乗り越えられるのか【専門家に聞く】近年、吉野家ホールディングス（東京都中央区）や松屋フーズホールディングス（東京都武蔵野市）などの大手外食チェーンが、ラーメン店の運営会社を相次いで…オトナンサーライフ総合4/12(日) 14:15,ラーメン作って売るのは良いけど、バイトくん（さん）が、右往左往してる姿を最近頻繁に見かけてて、メニューが多くなれば、対応しきれなくなるんじゃないかな？昔は、頼んですぐ出てきたのが、なかなか出てこなくなってるからね。それでも、価格を上げて利益を上げるのに必死なんだろうね。,negative,0.8496,negative
https://news.yahoo.co.jp/articles/348a788f2d7db2c22a35a38daa56418e12ad42cf,吉野家＆松屋、倒産ラッシュの「ラーメン」業界に本格参入　“1000円の壁”乗り越えられるのか【専門家に聞く】近年、吉野家ホールディングス（東京都中央区）や松屋フーズホールディングス（東京都武蔵野市）などの大手外食チェーンが、ラーメン店の運営会社を相次いで…オトナンサーライフ総合4/12(日) 14:15,約20年前に、１杯180円（税抜）のラーメンで話題になった”ビックリラーメン”は、Y野家ホールディングの傘下に入ったけど、結局フェードアウト撤退した過去があるので、本格参入は前途多難だと思います。,positive,0.4974,neutral
https://news.yahoo.co.jp/articles/348a788f2d7db2c22a35a38daa56418e12ad42cf,吉野家＆松屋、倒産ラッシュの「ラーメン」業界に本格参入　“1000円の壁”乗り越えられるのか【専門家に聞く】近年、吉野家ホールディングス（東京都中央区）や松屋フーズホールディングス（東京都武蔵野市）などの大手外食チェーンが、ラーメン店の運営会社を相次いで…オトナンサーライフ総合4/12(日) 14:15,"参入したのなら、せめてラーメン並を税込み500円で提供して欲しい。
ハムでもトンカツでもチャーシューの代わりに入れてもらっても構わんから、コスパに関してはこだわりを見せてもらいたい。
両社は現状、そうした客のニーズには応えられてはいないと思う。",neutral,0.7733,negative
https://news.yahoo.co.jp/articles/9ea647d10edf1b6e7475f2d25cb66a2b2244e578,「ええっ…」木村拓哉、吉野家CM出演時の〝食べ方〟に「できれば直した方が…」「ギャップある」「好きに食べれば良い」「美味しそうに食べてて素敵」反応様々…▼マナーに関する指摘が…好意的な声も　日本を代表する牛丼チェーン「吉野家」の新CMに出演している俳優の木村拓哉の〝牛丼の食べ方〟に注目が集まっている。西スポWEB OTTO！エンタメ総合4/12(日) 7:30,"外食企業としてこういうことで話題になるのはあまりいいことではなく、制作側、そして最終確認したであろう吉野家サイドがこの件を二重にチェックできなかったのは明らかなミス。
そしてタレントや所属事務所もイメージを大切にするなら、食事マナーといった細部にも気を配る必要があると思う。",negative,0.8364,negative
https://news.yahoo.co.jp/articles/9ea647d10edf1b6e7475f2d25cb66a2b2244e578,「ええっ…」木村拓哉、吉野家CM出演時の〝食べ方〟に「できれば直した方が…」「ギャップある」「好きに食べれば良い」「美味しそうに食べてて素敵」反応様々…▼マナーに関する指摘が…好意的な声も　日本を代表する牛丼チェーン「吉野家」の新CMに出演している俳優の木村拓哉の〝牛丼の食べ方〟に注目が集まっている。西スポWEB OTTO！エンタメ総合4/12(日) 7:30,"最近は何でも動画にして「食べる姿」をコンテンツにする風潮があるが、本来、食事は静かに嗜むものであり、人に見せびらかすようなものではないという感覚に共感する。

特に迎え舌のような所作は、一度気になると食事そのものの魅力が半減してしまう。誰もが目にする大手企業のCMだからこそ、もう少し品位ある見せ方があったのではないか。

まあ、マナーなんてものは時代と共に変わっていくものだけど。",neutral,0.6401,neutral
https://news.yahoo.co.jp/articles/9ea647d10edf1b6e7475f2d25cb66a2b2244e578,「ええっ…」木村拓哉、吉野家CM出演時の〝食べ方〟に「できれば直した方が…」「ギャップある」「好きに食べれば良い」「美味しそうに食べてて素敵」反応様々…▼マナーに関する指摘が…好意的な声も　日本を代表する牛丼チェーン「吉野家」の新CMに出演している俳優の木村拓哉の〝牛丼の食べ方〟に注目が集まっている。西スポWEB OTTO！エンタメ総合4/12(日) 7:30,"今は何でも好きなように、自由に、って意見ばっかりだけど、
現実と『ネット世界』にはズレがあるからね。
地方の人がTVドラマやCMを見て思い描く『東京』と現実の東京が違うように。

外食の機会がめっきり減ったのはコロナ禍で好きな個人店舗が閉店しちゃったのもあるけど、とにかく食べ方が汚い人が爆増したから。
特に安価なファミレス系、チェーン店は持ち帰り専門になった。

見なきゃいいだけではない。
咀嚼音だけでもない、平気でゲップしたりシーシーしたり、大きなクシャミも遠慮気味な気配さえない。
食器の扱いもガチャガチャだし、カレーはカッ！カッ！ってグチャグチャに混ぜてるし。

育ちなのは分かる。
でも周りへの配慮ゼロ、恥も知らぬ。
もう、自宅だけにして欲しい。
羞恥心なくすのは勝手だけど、もはや動物だよそれ。

それを『ネット世界』では好きに自由に食べればいいじゃん！となる。

後悔する前に。",neutral,0.6117,neutral
https://news.yahoo.co.jp/articles/9ea647d10edf1b6e7475f2d25cb66a2b2244e578,「ええっ…」木村拓哉、吉野家CM出演時の〝食べ方〟に「できれば直した方が…」「ギャップある」「好きに食べれば良い」「美味しそうに食べてて素敵」反応様々…▼マナーに関する指摘が…好意的な声も　日本を代表する牛丼チェーン「吉野家」の新CMに出演している俳優の木村拓哉の〝牛丼の食べ方〟に注目が集まっている。西スポWEB OTTO！エンタメ総合4/12(日) 7:30,"迎え舌はみていて気持ちの良い食べ方では無いですね
気にしたら負けなんでしょうけど
普段は人が食事をしているのをみる事など無いので気になり様がないですが
CMともなれば、みざるをえないですからね

このCMをみた事無いんで、今みてきましたが
当該シーンは一瞬だったんで
そんなに気にはなりませんでしたけどね

食事マナーと言えば前の日本の宰相の食べ方は
どうしようもなく酷かったですね
あれ程、食事マナーに限らず
色々マナーがなってない方だとは思いませんでしたわ",negative,0.5327,negative
https://news.yahoo.co.jp/articles/9ea647d10edf1b6e7475f2d25cb66a2b2244e578,「ええっ…」木村拓哉、吉野家CM出演時の〝食べ方〟に「できれば直した方が…」「ギャップある」「好きに食べれば良い」「美味しそうに食べてて素敵」反応様々…▼マナーに関する指摘が…好意的な声も　日本を代表する牛丼チェーン「吉野家」の新CMに出演している俳優の木村拓哉の〝牛丼の食べ方〟に注目が集まっている。西スポWEB OTTO！エンタメ総合4/12(日) 7:30,"よくSNSなどを見てると
テレビでの芸能人に対し「食事の時は左手を出せ」だの「箸の持ち方が」という人いるけど
気にはなるけど、いちいちSNSに投稿しようとは思わない
　
それをいちいちSNSで指摘したり、わざわざ本人の事務所にメールを送ったりするのは
「人を馬鹿にして優越感に浸りたいだけ」だと思っております
だからこそ、SNSに書かないしメールも送りません
心の中で思うだけにしましょう
　
※もちろん、度を超えるような行為であった場合は別",neutral,0.563,neutral
https://news.yahoo.co.jp/articles/9ea647d10edf1b6e7475f2d25cb66a2b2244e578,「ええっ…」木村拓哉、吉野家CM出演時の〝食べ方〟に「できれば直した方が…」「ギャップある」「好きに食べれば良い」「美味しそうに食べてて素敵」反応様々…▼マナーに関する指摘が…好意的な声も　日本を代表する牛丼チェーン「吉野家」の新CMに出演している俳優の木村拓哉の〝牛丼の食べ方〟に注目が集まっている。西スポWEB OTTO！エンタメ総合4/12(日) 7:30,"この人もSMAP解散を機にひとり裏切り者扱いされて、何をやっても叩かれる時期が続いたが、中居がヘマをやらかして芸能界を引退したのを機に、今度は手のひらを返したようにこの人を持ち上げるような風潮が始まった
なのに最近ではこのCMの食べ方をはじめ、また何かする度に叩かれることが増えてきた感がある
世間の風潮は実に不思議だ",neutral,0.8234,neutral
https://news.yahoo.co.jp/articles/9ea647d10edf1b6e7475f2d25cb66a2b2244e578,「ええっ…」木村拓哉、吉野家CM出演時の〝食べ方〟に「できれば直した方が…」「ギャップある」「好きに食べれば良い」「美味しそうに食べてて素敵」反応様々…▼マナーに関する指摘が…好意的な声も　日本を代表する牛丼チェーン「吉野家」の新CMに出演している俳優の木村拓哉の〝牛丼の食べ方〟に注目が集まっている。西スポWEB OTTO！エンタメ総合4/12(日) 7:30,"私はお店に入店して帽子（キャップ）を脱がずに飲食する人達にモヤモヤします。
頭の形や毛髪などにコンプレックスがあったりする方も一定数はお見えになると思いますが文化マナーを語るならそれも気にならないのかなぁと感じました。",negative,0.6312,negative
https://news.yahoo.co.jp/articles/9ea647d10edf1b6e7475f2d25cb66a2b2244e578,「ええっ…」木村拓哉、吉野家CM出演時の〝食べ方〟に「できれば直した方が…」「ギャップある」「好きに食べれば良い」「美味しそうに食べてて素敵」反応様々…▼マナーに関する指摘が…好意的な声も　日本を代表する牛丼チェーン「吉野家」の新CMに出演している俳優の木村拓哉の〝牛丼の食べ方〟に注目が集まっている。西スポWEB OTTO！エンタメ総合4/12(日) 7:30,"食べ方によって美味しそうに見えるのもある。これはCM作成時にこの食べ方のほうが吉牛を美味しく食べてると伝わると思ったんじゃないのかな。
ご飯茶碗や味噌汁茶碗すら持たずに食べる子供や大人、肘ついて食べる人やとか…このCMに比べたらマナーならもっと酷いのが現実にいるでしょ",negative,0.8734,negative
https://news.yahoo.co.jp/articles/9ea647d10edf1b6e7475f2d25cb66a2b2244e578,「ええっ…」木村拓哉、吉野家CM出演時の〝食べ方〟に「できれば直した方が…」「ギャップある」「好きに食べれば良い」「美味しそうに食べてて素敵」反応様々…▼マナーに関する指摘が…好意的な声も　日本を代表する牛丼チェーン「吉野家」の新CMに出演している俳優の木村拓哉の〝牛丼の食べ方〟に注目が集まっている。西スポWEB OTTO！エンタメ総合4/12(日) 7:30,"スポンサーが「OK」を出したからCMが流れているので、細かく食べ方を云々言うのは、ただの揚げ足取り。鶏なら美味しいかもしれないが、ただの悪口は、ねぇ。
世の中そんなに行儀のいい人はいないよ。
食べ方の前に、箸の持ち方が握り箸やら指３〜４本動かして食べる人が結構いる。食べる時の顔までっ込まなくてもいいじゃないか。
落語だって迎え舌で食べる人たくさんいるよ。木村拓哉に文句言うなら落語で迎え舌で芸している方々にも文句言いなよ。
よっぽど「西スポ〇〇」さんってネタがないんだね。",negative,0.7148,negative
https://news.yahoo.co.jp/articles/9ea647d10edf1b6e7475f2d25cb66a2b2244e578,「ええっ…」木村拓哉、吉野家CM出演時の〝食べ方〟に「できれば直した方が…」「ギャップある」「好きに食べれば良い」「美味しそうに食べてて素敵」反応様々…▼マナーに関する指摘が…好意的な声も　日本を代表する牛丼チェーン「吉野家」の新CMに出演している俳優の木村拓哉の〝牛丼の食べ方〟に注目が集まっている。西スポWEB OTTO！エンタメ総合4/12(日) 7:30,そもそも吉野家とかの牛丼屋なんてそういう層(言い方悪いけど労働者階級)向けなわけで、マナーや行儀ってのはその場のメインになる層によって変わるもんですし、自分か普段帰属する層とは別の層がメインにやってる場所に行く時にはその層に合わせる(実際に自分はそうしなくても、その層のやり方に文句言わない)ってのもマナーです。,neutral,0.5178,negative
https://news.yahoo.co.jp/articles/5e2a8423c252350ca6969e11c6ed162eb86c56e4,今の若者が“鬼畜と悪ノリの時代”をうらやましがるのはなぜ？「電気グルーヴのANN」放送作家と「BUBKA」元編集者が語る、90年代サブカルの狂騒と終焉しかもお金がないと言っても、昔はセブンイレブンのおにぎりも100円だったし、吉野家の牛丼も270円だったりした。マックのハンバーガーも80円の時代もあったじゃないですか。文春オンラインエンタメ総合4/11(土) 17:21,"関西の友人がレコ屋行ったら買いたかったのがことごとくなくなってて、ツアーでおやまだくんが来とったから買ってったんやろな、ぺんぺん草も生えんわと愚痴ってたのを思い出した。
都内だけでなく行った先でもレコ屋に行くのが基本だった。
あの頃の曲は今も聴いてるのもあれば聴かなくなったのもある感じ。
時代の空気を反映してる曲は後者になるかな……前者は時代を問わず自分には心地良いオールタイムベストになるから。",positive,0.6841,positive
https://news.yahoo.co.jp/articles/5e2a8423c252350ca6969e11c6ed162eb86c56e4,今の若者が“鬼畜と悪ノリの時代”をうらやましがるのはなぜ？「電気グルーヴのANN」放送作家と「BUBKA」元編集者が語る、90年代サブカルの狂騒と終焉しかもお金がないと言っても、昔はセブンイレブンのおにぎりも100円だったし、吉野家の牛丼も270円だったりした。マックのハンバーガーも80円の時代もあったじゃないですか。文春オンラインエンタメ総合4/11(土) 17:21,"ある事象を見た時にそれを面白いと思う人もいれば不快に思う人もいるのが社会。現代は「誰も取り残さない」ために1人でも不快に思うならそれはダメとなる。社会の基準が最もナーバスな人の感覚に合わせられることを余儀なくされ、弱い人にとっては守られていて居心地はいいのだろうが、昔と違ってあれもダメこれもダメとなり、このような世界は社会のダイナミズムを損ない、カルチャーにおけるイノベーションをも封じ込めかねない。社会全体に感じる息苦しさや閉塞感の一因になっているようにも思う。ステレオタイプの理想形を否定し、自分らしくていい、ありのままでいいというのは耳馴染みがよいが、向上心を持たず低レベルのままでいることをも肯定する方便にもなりうる。
時代は変わるものとはいえ、必ずしも良い方向に変わるとは限らない。",negative,0.5799,neutral
https://news.yahoo.co.jp/articles/5e2a8423c252350ca6969e11c6ed162eb86c56e4,今の若者が“鬼畜と悪ノリの時代”をうらやましがるのはなぜ？「電気グルーヴのANN」放送作家と「BUBKA」元編集者が語る、90年代サブカルの狂騒と終焉しかもお金がないと言っても、昔はセブンイレブンのおにぎりも100円だったし、吉野家の牛丼も270円だったりした。マックのハンバーガーも80円の時代もあったじゃないですか。文春オンラインエンタメ総合4/11(土) 17:21,"今の時代だと陰謀論とか面白がるより真に受ける人が多いなかでサブカル系はキツいよ。
紳士のたしなみとして「ギリギリまで突っ込まない」なんだけど真に受けるヤツが出てきた時点で終わった。",negative,0.8723,negative
https://news.yahoo.co.jp/articles/5e2a8423c252350ca6969e11c6ed162eb86c56e4,今の若者が“鬼畜と悪ノリの時代”をうらやましがるのはなぜ？「電気グルーヴのANN」放送作家と「BUBKA」元編集者が語る、90年代サブカルの狂騒と終焉しかもお金がないと言っても、昔はセブンイレブンのおにぎりも100円だったし、吉野家の牛丼も270円だったりした。マックのハンバーガーも80円の時代もあったじゃないですか。文春オンラインエンタメ総合4/11(土) 17:21,"東京オリンピック直前の騒動を思い出した。小山田圭吾だったかな。
正直反吐が出るレベルだった。これが許容された時代が良かったとは
思えないな。",negative,0.6322,neutral
https://news.yahoo.co.jp/articles/5e2a8423c252350ca6969e11c6ed162eb86c56e4,今の若者が“鬼畜と悪ノリの時代”をうらやましがるのはなぜ？「電気グルーヴのANN」放送作家と「BUBKA」元編集者が語る、90年代サブカルの狂騒と終焉しかもお金がないと言っても、昔はセブンイレブンのおにぎりも100円だったし、吉野家の牛丼も270円だったりした。マックのハンバーガーも80円の時代もあったじゃないですか。文春オンラインエンタメ総合4/11(土) 17:21,うらやましがる人も少数いるけど、大多数は、うわぁやばい時代ですねと、ひかれます。確かにひどかったからねタバコのマナーも悪かったし。まあいろいろと。,negative,0.9197,negative
https://news.yahoo.co.jp/articles/5e2a8423c252350ca6969e11c6ed162eb86c56e4,今の若者が“鬼畜と悪ノリの時代”をうらやましがるのはなぜ？「電気グルーヴのANN」放送作家と「BUBKA」元編集者が語る、90年代サブカルの狂騒と終焉しかもお金がないと言っても、昔はセブンイレブンのおにぎりも100円だったし、吉野家の牛丼も270円だったりした。マックのハンバーガーも80円の時代もあったじゃないですか。文春オンラインエンタメ総合4/11(土) 17:21,若者がこのノリを羨ましがってるなんて聞いたこともないけど。どこで羨ましがってるんだろう？,negative,0.745,negative
https://news.yahoo.co.jp/articles/5e2a8423c252350ca6969e11c6ed162eb86c56e4,今の若者が“鬼畜と悪ノリの時代”をうらやましがるのはなぜ？「電気グルーヴのANN」放送作家と「BUBKA」元編集者が語る、90年代サブカルの狂騒と終焉しかもお金がないと言っても、昔はセブンイレブンのおにぎりも100円だったし、吉野家の牛丼も270円だったりした。マックのハンバーガーも80円の時代もあったじゃないですか。文春オンラインエンタメ総合4/11(土) 17:21,鬼畜いうたら村崎百郎やろ,neutral,0.8969,neutral
https://news.yahoo.co.jp/articles/5e2a8423c252350ca6969e11c6ed162eb86c56e4,今の若者が“鬼畜と悪ノリの時代”をうらやましがるのはなぜ？「電気グルーヴのANN」放送作家と「BUBKA」元編集者が語る、90年代サブカルの狂騒と終焉しかもお金がないと言っても、昔はセブンイレブンのおにぎりも100円だったし、吉野家の牛丼も270円だったりした。マックのハンバーガーも80円の時代もあったじゃないですか。文春オンラインエンタメ総合4/11(土) 17:21,"YahooNewsにブロック機能を・・・
週刊文春の記事は一切読まない",neutral,0.6491,neutral
https://news.yahoo.co.jp/articles/5e2a8423c252350ca6969e11c6ed162eb86c56e4,今の若者が“鬼畜と悪ノリの時代”をうらやましがるのはなぜ？「電気グルーヴのANN」放送作家と「BUBKA」元編集者が語る、90年代サブカルの狂騒と終焉しかもお金がないと言っても、昔はセブンイレブンのおにぎりも100円だったし、吉野家の牛丼も270円だったりした。マックのハンバーガーも80円の時代もあったじゃないですか。文春オンラインエンタメ総合4/11(土) 17:21,">“鬼畜と悪ノリの時代”

村崎百郎氏が刺殺されて終わった。
生前の村崎氏は以下↓の様に述べていた。

「犯罪には人知や善悪を超えた効用というのがあって、犯罪犠牲者たちには冗談ではないが、時々起こる“とてつもなく悲惨な犯罪事件”は、国家にとっては国民が平和ボケしないための適度なストレスとして極めて良好に機能して、それは長い目で見れば、盆暮れ正月と同じように国家に必要な「歓迎すべきイベント」なのである。  (中略)だから我々は、そうしたイベントの被害者にも加害者にも「ご苦労様」と感謝の気持ちを忘れずに、心置きなく馬鹿にしたり、笑い飛ばしたり、ザマアミロを言おう！　それが生き残った者たちの死者に対する礼儀でもある。」

ザマアミロ村崎百郎、そしてありがとう村崎百郎...",positive,0.881,neutral
https://news.yahoo.co.jp/articles/9e6154ea4aa66fe95102db5c01ed9dc9812592b6,「“肉×肉”でウマい」「ご飯進むやつだ」吉野家の新作『変わり種どんぶり』がアツい！この組み合わせは間違いないです！…■ 2026年4月9日より、吉野家から「魯肉牛丼」が販売されています。 同メニューは、牛丼に魯肉を組み合わせたもの。価格は並盛で660円（以下、すべ…ハフポスト日本版エンタメ総合4/11(土) 12:30,八角が苦手なので、今回は「かつや」の『肉あんかけロースかつ丼』を食べてみたけど、意外と美味しかった。,positive,0.9676,positive
https://news.yahoo.co.jp/articles/9e6154ea4aa66fe95102db5c01ed9dc9812592b6,「“肉×肉”でウマい」「ご飯進むやつだ」吉野家の新作『変わり種どんぶり』がアツい！この組み合わせは間違いないです！…■ 2026年4月9日より、吉野家から「魯肉牛丼」が販売されています。 同メニューは、牛丼に魯肉を組み合わせたもの。価格は並盛で660円（以下、すべ…ハフポスト日本版エンタメ総合4/11(土) 12:30,吉野家はやっぱり、普通の牛丼が一番美味いよ。,positive,0.9478,positive
https://news.yahoo.co.jp/articles/9e6154ea4aa66fe95102db5c01ed9dc9812592b6,「“肉×肉”でウマい」「ご飯進むやつだ」吉野家の新作『変わり種どんぶり』がアツい！この組み合わせは間違いないです！…■ 2026年4月9日より、吉野家から「魯肉牛丼」が販売されています。 同メニューは、牛丼に魯肉を組み合わせたもの。価格は並盛で660円（以下、すべ…ハフポスト日本版エンタメ総合4/11(土) 12:30,肉をガッツリ!!も分かるけど、高齢者向けの献立も一考を願う年齢に至り候,neutral,0.7204,neutral
https://news.yahoo.co.jp/articles/9e6154ea4aa66fe95102db5c01ed9dc9812592b6,「“肉×肉”でウマい」「ご飯進むやつだ」吉野家の新作『変わり種どんぶり』がアツい！この組み合わせは間違いないです！…■ 2026年4月9日より、吉野家から「魯肉牛丼」が販売されています。 同メニューは、牛丼に魯肉を組み合わせたもの。価格は並盛で660円（以下、すべ…ハフポスト日本版エンタメ総合4/11(土) 12:30,"自分はるーろー飯に牛皿を載せてこれを造っていたが…

ついに時代が追いついたか（笑）",neutral,0.8254,neutral
https://news.yahoo.co.jp/articles/9e6154ea4aa66fe95102db5c01ed9dc9812592b6,「“肉×肉”でウマい」「ご飯進むやつだ」吉野家の新作『変わり種どんぶり』がアツい！この組み合わせは間違いないです！…■ 2026年4月9日より、吉野家から「魯肉牛丼」が販売されています。 同メニューは、牛丼に魯肉を組み合わせたもの。価格は並盛で660円（以下、すべ…ハフポスト日本版エンタメ総合4/11(土) 12:30,八角や五香粉やめれ,negative,0.9317,negative
https://news.yahoo.co.jp/articles/bda1a3dab912c553e52029acae92342b97a1bb0b,〈ゼンショー小川賢太郎さん死去〉革命に挫折した牛丼王が「すき家」で世界を変えた理由…ワンオペ炎上も乗り越えた剛腕経営者の生涯…本主義へと傾倒していく。中小企業診断士となり、1978年に吉野家に入社した。 しかし、吉野家は120億円の負債を抱えて1980年に倒産（会社更生法を申…集英社オンライン経済総合4/11(土) 10:00,"元学生運動の闘士には「俺達はやったんだぜ」の自慢話で終わる人と「あの運動にはこういう意義と問題点があった」と客観的に捉える人の二種類いると聞きます。
小川賢太郎さんは後者ですね。色々言われてましたが結果が全て。資本主義の元でも美味しものを食べれる社会を作る。素晴らしいです。
御冥福をお祈りします。",positive,0.9551,positive
https://news.yahoo.co.jp/articles/bda1a3dab912c553e52029acae92342b97a1bb0b,〈ゼンショー小川賢太郎さん死去〉革命に挫折した牛丼王が「すき家」で世界を変えた理由…ワンオペ炎上も乗り越えた剛腕経営者の生涯…本主義へと傾倒していく。中小企業診断士となり、1978年に吉野家に入社した。 しかし、吉野家は120億円の負債を抱えて1980年に倒産（会社更生法を申…集英社オンライン経済総合4/11(土) 10:00,"小川社長には経営書を書いてもらいたかったですね。

書かなかったのは、
顧客至上主義といいつつも、ワンオペ推進は利益の最大化、効率の最大限の追求があるので、
その矛盾をつかれたくなかったのだと思う。

とはいえ、外食業界に及ぼした影響は凄まじいと思う。お悔やみ申し上げます。",negative,0.944,negative
https://news.yahoo.co.jp/articles/bda1a3dab912c553e52029acae92342b97a1bb0b,〈ゼンショー小川賢太郎さん死去〉革命に挫折した牛丼王が「すき家」で世界を変えた理由…ワンオペ炎上も乗り越えた剛腕経営者の生涯…本主義へと傾倒していく。中小企業診断士となり、1978年に吉野家に入社した。 しかし、吉野家は120億円の負債を抱えて1980年に倒産（会社更生法を申…集英社オンライン経済総合4/11(土) 10:00,国道沿いにある小さなカド店の前を通る度ここからスタートなんだなぁと何時も思う。人間力と引き寄せられる運なんだろうね。しかし凄い人物だ。私なんぞ数人のパートさんで四苦八苦なのに。ご冥福をお祈りします。,negative,0.9335,positive
https://news.yahoo.co.jp/articles/bda1a3dab912c553e52029acae92342b97a1bb0b,〈ゼンショー小川賢太郎さん死去〉革命に挫折した牛丼王が「すき家」で世界を変えた理由…ワンオペ炎上も乗り越えた剛腕経営者の生涯…本主義へと傾倒していく。中小企業診断士となり、1978年に吉野家に入社した。 しかし、吉野家は120億円の負債を抱えて1980年に倒産（会社更生法を申…集英社オンライン経済総合4/11(土) 10:00,"まだすき家も町中にあまり無かった
３０年前の学生時代
バイト先だった福生市のすき家
バイトの度に立ち寄ってたが、
テーブル席で当時は珍しかった
牛皿定食よく頼んだ
味付けも他の牛丼屋と違って
なんか新鮮
卵につけた牛肉、シンプルに
美味かったなー",positive,0.9367,positive
https://news.yahoo.co.jp/articles/bda1a3dab912c553e52029acae92342b97a1bb0b,〈ゼンショー小川賢太郎さん死去〉革命に挫折した牛丼王が「すき家」で世界を変えた理由…ワンオペ炎上も乗り越えた剛腕経営者の生涯…本主義へと傾倒していく。中小企業診断士となり、1978年に吉野家に入社した。 しかし、吉野家は120億円の負債を抱えて1980年に倒産（会社更生法を申…集英社オンライン経済総合4/11(土) 10:00,"日本の飲食チェーン店グループで初めて売上1兆円を超えるなど、ひとりの創業者として大成功を納められました

このように偉業を成し遂げた人の逝去のニュースを見るたび、いかに成功しようが富を得ようが、自分の寿命だけはコントロールのしようがないのは凡人も同じというのを考えさせられます

私なんかは普通に会社員時代も独立してからも、少なくはないけど多くもない一般的な年収1千万円程度の所得と、あとは株式投資で年間ウン百万円の小遣いを得て、それらを使い切り楽しい生涯にできればいいと思うけど、果たして何歳まで生きるのかは誰も分かりません

毎年、私の100倍以上の所得を得られる経営者が多くおられますが、100倍長生きする訳ではないし、多く納税し日本社会に貢献頂き有難いのは分かるけれど、何十倍かは贅沢な消費を楽しまれているのか、又は贅沢に消費を楽しむ時間もあまりなく貯蓄が増える一方なのか、想像してしまいます",neutral,0.5069,neutral
https://news.yahoo.co.jp/articles/bda1a3dab912c553e52029acae92342b97a1bb0b,〈ゼンショー小川賢太郎さん死去〉革命に挫折した牛丼王が「すき家」で世界を変えた理由…ワンオペ炎上も乗り越えた剛腕経営者の生涯…本主義へと傾倒していく。中小企業診断士となり、1978年に吉野家に入社した。 しかし、吉野家は120億円の負債を抱えて1980年に倒産（会社更生法を申…集英社オンライン経済総合4/11(土) 10:00,"最初はM&Aで大きくなったハリボテの会社だと思ってた。
途中で理念を知った時、180度イメージが変わった。今も牛丼王は吉野家だと思ってるけど、日本に最大の貢献をしている飲食会社なのは間違いない。
心よりの感謝と御冥福をお祈りいたします。",positive,0.9706,positive
https://news.yahoo.co.jp/articles/bda1a3dab912c553e52029acae92342b97a1bb0b,〈ゼンショー小川賢太郎さん死去〉革命に挫折した牛丼王が「すき家」で世界を変えた理由…ワンオペ炎上も乗り越えた剛腕経営者の生涯…本主義へと傾倒していく。中小企業診断士となり、1978年に吉野家に入社した。 しかし、吉野家は120億円の負債を抱えて1980年に倒産（会社更生法を申…集英社オンライン経済総合4/11(土) 10:00,若い頃、外食産業で働いた経験がありますが、地獄でした。何も得るものはありませんでした。私はすき家であまり食事はしません、なぜなら従業員の悲壮感しか伝わってこないからです。誉められるのは勝ち残った経営者だけです。,negative,0.7733,negative
https://news.yahoo.co.jp/articles/bda1a3dab912c553e52029acae92342b97a1bb0b,〈ゼンショー小川賢太郎さん死去〉革命に挫折した牛丼王が「すき家」で世界を変えた理由…ワンオペ炎上も乗り越えた剛腕経営者の生涯…本主義へと傾倒していく。中小企業診断士となり、1978年に吉野家に入社した。 しかし、吉野家は120億円の負債を抱えて1980年に倒産（会社更生法を申…集英社オンライン経済総合4/11(土) 10:00,貧困と飢餓を無くすですか？言っている事は立派なのだが。故人に鞭打つようで申し訳ないが、だったら己れの経営する「すき家」はどうなのだろうか？強盗に何度も入られるし、その度に関係各所より人を増やすように営業方針の見直しなどを求められても、経費が掛かる＝強盗に入られてもワンオペの方が利益が上がる、よって頑なに拒否。これには世論が許さず小川氏は徹底的に叩かれた。また衛生管理はどうでも良いのでしょうか？汚い食器に洗浄が足りない調理器具等、清掃の経費まで削って鬼のように利益にこだわった。ゼンショーグループが流行っているのは世の中の景気が悪いからだ、何もお客様は好き好んで行っている訳では無い！断言しよう、これこそが正真正銘の貧困ビジネスだ。,negative,0.7609,negative
https://news.yahoo.co.jp/articles/bda1a3dab912c553e52029acae92342b97a1bb0b,〈ゼンショー小川賢太郎さん死去〉革命に挫折した牛丼王が「すき家」で世界を変えた理由…ワンオペ炎上も乗り越えた剛腕経営者の生涯…本主義へと傾倒していく。中小企業診断士となり、1978年に吉野家に入社した。 しかし、吉野家は120億円の負債を抱えて1980年に倒産（会社更生法を申…集英社オンライン経済総合4/11(土) 10:00,"ゼンショーという社名は人生全勝を目指すという強烈な上昇志向を表したもの。
バイトにもそういう姿勢を求めていたのか知らないけど、もう少し思いやりがあってよかった。",positive,0.9799,negative
https://news.yahoo.co.jp/articles/bda1a3dab912c553e52029acae92342b97a1bb0b,〈ゼンショー小川賢太郎さん死去〉革命に挫折した牛丼王が「すき家」で世界を変えた理由…ワンオペ炎上も乗り越えた剛腕経営者の生涯…本主義へと傾倒していく。中小企業診断士となり、1978年に吉野家に入社した。 しかし、吉野家は120億円の負債を抱えて1980年に倒産（会社更生法を申…集英社オンライン経済総合4/11(土) 10:00,"近くにあるすき家の最近の状況はヒドかった。

店員は全員外国人で３～４人ほど。人がいないわけでもないのに、ほぼ全ての客席のテーブルの上に食べ終わった食器が残ったままで、全く片づけられていない。

もちろん席に座っても水は出てこない、というか、むしろそんなお店の水なんか怖くて飲みたくないくらい。

とりあえず食べてお店出たけど、すぐに本部に苦情を入れました。よく行っていた店で、以前からたまに片づけが悪い時はあったけど、それはワンオペで明らかに人手が足りないときの話。

今回はあまりのヒドさに驚いたし、さすがに次はないかなと思いました。

頑張ってる外国人はたくさんいるけど、外国人だけに店を任せるとここまで手抜きをするのかと感じたし、客席があれでは厨房の衛生が良いはずないと思いました。",negative,0.8747,negative
https://news.yahoo.co.jp/articles/5e53133a8895a8586c1d79261d6bd002582707f2,ここは「イオン」なのか、「森」なのか…　“謎の食べ物”も売っている《駅近イオンモールのフードコート》で見た光景具体的には、「長崎ちゃんぽん リンガーハット」に「ミスタードーナツ」、さらに「吉野家」や「ゼッテリア」といったメンツがそろっている。ここまで含めると、なかな…東洋経済オンライン社会4/11(土) 9:30,"近隣住民ですが、ここのフードコートは長続きしている店が少ないような…開業時からあるのは丸亀製麺とビリヤニのカレー屋とクレープ屋くらい？特にファミリー席の近くにあるラーメン屋の区画はちょくちょく入れ替わっています。
ビリヤニは美味しいですが、割と大食いな私でもお腹いっぱいになります。ミニサイズがあると良いかも。

ここは駐車場の区画割りを見直してほしいですね。1人1台の地域でもないのに、軽区画が多すぎます。EV専用区画も3Fから移動してほしいですが、企業イメージ的に厳しいですかね〜。",negative,0.5281,negative
https://news.yahoo.co.jp/articles/5e53133a8895a8586c1d79261d6bd002582707f2,ここは「イオン」なのか、「森」なのか…　“謎の食べ物”も売っている《駅近イオンモールのフードコート》で見た光景具体的には、「長崎ちゃんぽん リンガーハット」に「ミスタードーナツ」、さらに「吉野家」や「ゼッテリア」といったメンツがそろっている。ここまで含めると、なかな…東洋経済オンライン社会4/11(土) 9:30,"ここのビリヤニは本当に美味しい。
長く入っているお店もあるが、すぐに撤退してしまうお店もあるから、ここのビリヤニのお店にはそうなってほしくない。
安くてそこそこうまい中華料理店やKFC、鎌倉パスタもあるので、それほど大きくないが日野市民には重宝される場所でもある。

しかし、多摩の自然というが、自然なんて殆ど感じられない東京のどこに森要素を感じるんだろうと思ってしまう。
確かに日野は昔は野っ原＆田畑だらけだったそうだが、今や日野も八王子も開発が進んで自然らしい自然は大分減っている。
イオンモール多摩平の森がある豊田駅周辺なんて建物だらけで、僅かに残った林のようなものを有難がる程度しか残っていないのだが。

それなのにも関わらず、地方では大規模に自然が開発されてソーラーパネルに埋め尽くされる始末。
教育格差もそうだが、東京と地方の感覚の違いも影響していると思っている。",negative,0.6251,negative
https://news.yahoo.co.jp/articles/5e53133a8895a8586c1d79261d6bd002582707f2,ここは「イオン」なのか、「森」なのか…　“謎の食べ物”も売っている《駅近イオンモールのフードコート》で見た光景具体的には、「長崎ちゃんぽん リンガーハット」に「ミスタードーナツ」、さらに「吉野家」や「ゼッテリア」といったメンツがそろっている。ここまで含めると、なかな…東洋経済オンライン社会4/11(土) 9:30,"ここのイオン、年始にいきましたがこのドーサのお店はとても美味しかったし、ほかのフードコートのお店もいい感じだし、イオン内も綺麗で、あるといいなというお店も揃ってて生活するのに便利そうでした。
羨ましかったです。",positive,0.9902,positive
https://news.yahoo.co.jp/articles/5e53133a8895a8586c1d79261d6bd002582707f2,ここは「イオン」なのか、「森」なのか…　“謎の食べ物”も売っている《駅近イオンモールのフードコート》で見た光景具体的には、「長崎ちゃんぽん リンガーハット」に「ミスタードーナツ」、さらに「吉野家」や「ゼッテリア」といったメンツがそろっている。ここまで含めると、なかな…東洋経済オンライン社会4/11(土) 9:30,"記事に出ている餃子坊 香港亭は結構リーズナブルなのな美味しいです。
あとフードコート以外にもレストラン入っていたり、小さいイオンモールの割に飲食店はかなり充実してるほうだと思います。

そして、八王子滝山のイオンにもこういうものを期待していたんですけどね……",positive,0.6439,positive
https://news.yahoo.co.jp/articles/5e53133a8895a8586c1d79261d6bd002582707f2,ここは「イオン」なのか、「森」なのか…　“謎の食べ物”も売っている《駅近イオンモールのフードコート》で見た光景具体的には、「長崎ちゃんぽん リンガーハット」に「ミスタードーナツ」、さらに「吉野家」や「ゼッテリア」といったメンツがそろっている。ここまで含めると、なかな…東洋経済オンライン社会4/11(土) 9:30,"イオンの惣菜が原材料の産地偽装をしていたってニュースがあって、それからイオンやミニストップには行かなくなったんだが、記事は削除されてんだよなぁ。
で、その後に賛美の記事はそこそこ出回ってんよ。
これ、意図的だよな。",negative,0.8501,negative
https://news.yahoo.co.jp/articles/5e53133a8895a8586c1d79261d6bd002582707f2,ここは「イオン」なのか、「森」なのか…　“謎の食べ物”も売っている《駅近イオンモールのフードコート》で見た光景具体的には、「長崎ちゃんぽん リンガーハット」に「ミスタードーナツ」、さらに「吉野家」や「ゼッテリア」といったメンツがそろっている。ここまで含めると、なかな…東洋経済オンライン社会4/11(土) 9:30,"イオン「木を植えています」

地方イオンの看板でよく見かけるフレーズです",neutral,0.9138,neutral
https://news.yahoo.co.jp/articles/5e53133a8895a8586c1d79261d6bd002582707f2,ここは「イオン」なのか、「森」なのか…　“謎の食べ物”も売っている《駅近イオンモールのフードコート》で見た光景具体的には、「長崎ちゃんぽん リンガーハット」に「ミスタードーナツ」、さらに「吉野家」や「ゼッテリア」といったメンツがそろっている。ここまで含めると、なかな…東洋経済オンライン社会4/11(土) 9:30,"思ったほど森っぽくはなかった(笑)
似たような環境だとイオン那覇の方がもう少し森っぽい",neutral,0.8292,neutral
https://news.yahoo.co.jp/articles/5e53133a8895a8586c1d79261d6bd002582707f2,ここは「イオン」なのか、「森」なのか…　“謎の食べ物”も売っている《駅近イオンモールのフードコート》で見た光景具体的には、「長崎ちゃんぽん リンガーハット」に「ミスタードーナツ」、さらに「吉野家」や「ゼッテリア」といったメンツがそろっている。ここまで含めると、なかな…東洋経済オンライン社会4/11(土) 9:30,日野市だし東京ヴェルディも応援してください。,positive,0.582,neutral
https://news.yahoo.co.jp/articles/5e53133a8895a8586c1d79261d6bd002582707f2,ここは「イオン」なのか、「森」なのか…　“謎の食べ物”も売っている《駅近イオンモールのフードコート》で見た光景具体的には、「長崎ちゃんぽん リンガーハット」に「ミスタードーナツ」、さらに「吉野家」や「ゼッテリア」といったメンツがそろっている。ここまで含めると、なかな…東洋経済オンライン社会4/11(土) 9:30,"もう日本撤退して大好きな中国で展開するべきかと、
趣味で日本イオン店内にムスリム礼拝所作ったりしないで、迷惑。
中国でやればいいじゃん
ラブな中国でやればいいよ元立憲主義の岡田さん",negative,0.6072,negative
https://news.yahoo.co.jp/articles/8ae8d6f1d802705c8ef6527e9179f1db4f49a3db,"木村拓哉、50代の父「迎え舌＆肘つき」食事マナーで問われる“木村家の食卓”次女・Koki,も「髪束ねず調理」の過去…る恐れがあるため、マナー違反とされています。木村さんは最近、出演している吉野家のCMで、牛丼を食べる際に舌を出して食べ物を受ける“迎え舌”になっている…SmartFLASHエンタメ総合4/9(木) 20:58","迎え舌も膝つきも、撮影のときにスタッフなどが誰も指摘しなかったのでしょうかね。
生放送ならどうしようもないけど、撮り直しのできるものだと思うし、ましてCMなんて何度も流れる映像でそのままOKが出てるってことは、周りの人もそういう意識がなかったのか、問題ないと思ったのか。もしくは大スター相手だから指摘できなかったとか。",neutral,0.5928,neutral
https://news.yahoo.co.jp/articles/8ae8d6f1d802705c8ef6527e9179f1db4f49a3db,"木村拓哉、50代の父「迎え舌＆肘つき」食事マナーで問われる“木村家の食卓”次女・Koki,も「髪束ねず調理」の過去…る恐れがあるため、マナー違反とされています。木村さんは最近、出演している吉野家のCMで、牛丼を食べる際に舌を出して食べ物を受ける“迎え舌”になっている…SmartFLASHエンタメ総合4/9(木) 20:58","両親も食事のマナーにはうるさかった。
お箸の持ち方、迷い箸、食べる音、勿論膝をついたらピシッと叩かれた。
夫も食べ方は綺麗だった。良かったと思った。
人のマナーはそれぞれと思っても気になる。
食欲がなくなることもある。でも言いにくい。
木村家など、誰も言う人いないでしょう。
ただいい年したら、もっと気を付ければいいのにと思う。",negative,0.6654,negative
https://news.yahoo.co.jp/articles/8ae8d6f1d802705c8ef6527e9179f1db4f49a3db,"木村拓哉、50代の父「迎え舌＆肘つき」食事マナーで問われる“木村家の食卓”次女・Koki,も「髪束ねず調理」の過去…る恐れがあるため、マナー違反とされています。木村さんは最近、出演している吉野家のCMで、牛丼を食べる際に舌を出して食べ物を受ける“迎え舌”になっている…SmartFLASHエンタメ総合4/9(木) 20:58","チョコレートのCMでは迎え舌してないのにね。

常にって訳じゃないんだね。
食材によるのかな？
ご飯と上の具を一緒に箸で食べるのが苦手で、落としてしまいそうで、早く口に入れたい心理から、迎え舌になるのかもしれないね。

スプーンを使うと、迎え舌にならないんだろうな。

ゆっくり食べる練習をすると、迎え舌は治るんじゃないかな。
肘はいままで注意する人がいなかったんだろうけど、こうやってネットで騒がれて気がついたでしょう。
あとは本人が気をつけるしかないよね。
CMで肘をつかないって事は、本人もそれが行儀悪いって知ってるでしょうから。",neutral,0.6427,neutral
https://news.yahoo.co.jp/articles/8ae8d6f1d802705c8ef6527e9179f1db4f49a3db,"木村拓哉、50代の父「迎え舌＆肘つき」食事マナーで問われる“木村家の食卓”次女・Koki,も「髪束ねず調理」の過去…る恐れがあるため、マナー違反とされています。木村さんは最近、出演している吉野家のCMで、牛丼を食べる際に舌を出して食べ物を受ける“迎え舌”になっている…SmartFLASHエンタメ総合4/9(木) 20:58","仕方ないと思う。元ヤンのご夫婦だからね。
日本人だったら箸の持ち方から食事のマナー、どこかで大人が教えてくれるはずだけど　きっとその機会がなかったんだろうね。
お嬢さんも髪の毛触り過ぎだったし、纏めて欲しかったですよね。",negative,0.7804,negative
https://news.yahoo.co.jp/articles/8ae8d6f1d802705c8ef6527e9179f1db4f49a3db,"木村拓哉、50代の父「迎え舌＆肘つき」食事マナーで問われる“木村家の食卓”次女・Koki,も「髪束ねず調理」の過去…る恐れがあるため、マナー違反とされています。木村さんは最近、出演している吉野家のCMで、牛丼を食べる際に舌を出して食べ物を受ける“迎え舌”になっている…SmartFLASHエンタメ総合4/9(木) 20:58","食事のマナーは人それぞれだと思う。
あまりにも私自身が音を立てて食事をしなさ過ぎて、食べ方がヘビみたいと言われた時は本当ショックだった。
クチャラーとか、すすり食い以外はあまり気にならない。
それよりも、食べものに文句を言ったり、
ご飯粒たくさんお茶碗やお皿に残すは本当に苦手です。
汚い食べ方でも、昔のお茶漬けのCMの様に、
美味しそうに食べてたのならそれで良いと思う。美味しそうに食べるのは良い事だと思う。",negative,0.7447,positive
https://news.yahoo.co.jp/articles/8ae8d6f1d802705c8ef6527e9179f1db4f49a3db,"木村拓哉、50代の父「迎え舌＆肘つき」食事マナーで問われる“木村家の食卓”次女・Koki,も「髪束ねず調理」の過去…る恐れがあるため、マナー違反とされています。木村さんは最近、出演している吉野家のCMで、牛丼を食べる際に舌を出して食べ物を受ける“迎え舌”になっている…SmartFLASHエンタメ総合4/9(木) 20:58","なんか芸能人とか有名人は生きていくの大変だな。良い意味でも悪い意味でも注目されていろいろ言われてさ。
その昔、釣具屋さんで偶然お見かけしたけどとても良い人でした。気取らず、礼儀正しく、めちゃくちゃ楽しそうにルアー選んでいました。お金あるのに吟味してルアー選んで。
完璧でないところが人間味あっていいと僕は思います。",positive,0.9305,positive
https://news.yahoo.co.jp/articles/8ae8d6f1d802705c8ef6527e9179f1db4f49a3db,"木村拓哉、50代の父「迎え舌＆肘つき」食事マナーで問われる“木村家の食卓”次女・Koki,も「髪束ねず調理」の過去…る恐れがあるため、マナー違反とされています。木村さんは最近、出演している吉野家のCMで、牛丼を食べる際に舌を出して食べ物を受ける“迎え舌”になっている…SmartFLASHエンタメ総合4/9(木) 20:58","木村さんとそのご家族に対しては特に好きとか嫌いの感情はないのですが、木村さんよりも工藤静香さんのマナーが気になった事はあります。
歌番組やトーク番組で相手が敬語で話しているのにタメ語で返していたり、足を組んだまま話をしていたり。芸能界では普通の事なのかもしれませんが、やはり年齢相応の常識が少し欠けているように映ります。
お二人の娘さんは性格も良さそうですし素直に育っていると思います。ただお料理の時は髪を束ねた方が良いですね。",neutral,0.7245,negative
https://news.yahoo.co.jp/articles/8ae8d6f1d802705c8ef6527e9179f1db4f49a3db,"木村拓哉、50代の父「迎え舌＆肘つき」食事マナーで問われる“木村家の食卓”次女・Koki,も「髪束ねず調理」の過去…る恐れがあるため、マナー違反とされています。木村さんは最近、出演している吉野家のCMで、牛丼を食べる際に舌を出して食べ物を受ける“迎え舌”になっている…SmartFLASHエンタメ総合4/9(木) 20:58","有名人の木村家が気に入らんのだとしても、マナーかよ、と思う。マナーだ。ルールとも違う、マナーについて言うんだ。芸能界の引退の理由が、一般のひと達の言うマナーがよく分からなかった、だと良いのに。

鬱になり、もうこんな生活いやだって、なんでならないんだろう。

すごいよね、有名人は。

まったく知らんひとから寄って集って飯食う（つくる）仕草で文句言われるなんて、大金もらって、頼まれて食ってるから、あたり前なのか？

すごいことだなと、あらためて思いました。",positive,0.5821,positive
https://news.yahoo.co.jp/articles/8ae8d6f1d802705c8ef6527e9179f1db4f49a3db,"木村拓哉、50代の父「迎え舌＆肘つき」食事マナーで問われる“木村家の食卓”次女・Koki,も「髪束ねず調理」の過去…る恐れがあるため、マナー違反とされています。木村さんは最近、出演している吉野家のCMで、牛丼を食べる際に舌を出して食べ物を受ける“迎え舌”になっている…SmartFLASHエンタメ総合4/9(木) 20:58","小さい頃から芸能界で生きてきた夫婦ですから、一般的な常識が欠けているのでしょう。アイドル、芸能人だからって事で多少は仕方がないのかなと。
しかし1番の問題点は、撮影の際に誰も指摘していない事でしょう。テレビ業界という狭い世界で誰も意見を言えない逆らえない存在なんでしょう。",negative,0.863,negative
https://news.yahoo.co.jp/articles/8ae8d6f1d802705c8ef6527e9179f1db4f49a3db,"木村拓哉、50代の父「迎え舌＆肘つき」食事マナーで問われる“木村家の食卓”次女・Koki,も「髪束ねず調理」の過去…る恐れがあるため、マナー違反とされています。木村さんは最近、出演している吉野家のCMで、牛丼を食べる際に舌を出して食べ物を受ける“迎え舌”になっている…SmartFLASHエンタメ総合4/9(木) 20:58","食事作法や箸の持ち方など子供の頃から染み付いていることは大人になってから修正するのが結構大変です。私も箸の持ち方に昔から少し癖があって、一応頑張って直したのですが、意識していないと何年経ってもすぐに昔の癖が出てしまいます。
北川景子さんがテレビによく出られるようになった頃、食べ方が汚い・箸の持ち方が変と叩かれたことがありました（偶然、その番組を見ていたのですが確かにひどかった）けれども、その何年か後にはかなり改善されていました。美しい所作を見せるべき職業で当然とはいえ、ご本人も相当努力されたのだと思います。",positive,0.7113,positive
https://news.yahoo.co.jp/articles/161286f2c37a17301e171ce48096a1c60429aa61,「禁断のW炭水化物」「背徳すぎだろオイ」吉野家の“よくばりセット”1100kcal超えでボリューム感がハンパない！「カロリー度外視の最高なやつ」…。 ●吉野家の「油そばセット」が絶品でした！ 　1899年に日本橋（東京都）で創業し、国内で1200店舗以上を展開する牛丼チェーン店「吉野家」。創業…ダイヤモンド・オンライン経済総合4/9(木) 17:15,"牛丼と油そばのセットしか販売しない代わりに油そばは大小が選べます。
油そばって美味しいのかな？
単品で売ってくれたほうが試しやすいです。
のり弁とナポリタンのセットのほうが美味しそうです。",positive,0.8612,neutral
https://news.yahoo.co.jp/articles/161286f2c37a17301e171ce48096a1c60429aa61,「禁断のW炭水化物」「背徳すぎだろオイ」吉野家の“よくばりセット”1100kcal超えでボリューム感がハンパない！「カロリー度外視の最高なやつ」…。 ●吉野家の「油そばセット」が絶品でした！ 　1899年に日本橋（東京都）で創業し、国内で1200店舗以上を展開する牛丼チェーン店「吉野家」。創業…ダイヤモンド・オンライン経済総合4/9(木) 17:15,"食べたけど油そばは不味くは無いけど旨くもない
冷凍の油そばを食べてる感じというか、全くトゲが無い特徴ゼロの油そば
酢がついてくるから味変は出来るけど少ないしもう少し特徴があれば良かった",neutral,0.6699,neutral
https://news.yahoo.co.jp/articles/161286f2c37a17301e171ce48096a1c60429aa61,「禁断のW炭水化物」「背徳すぎだろオイ」吉野家の“よくばりセット”1100kcal超えでボリューム感がハンパない！「カロリー度外視の最高なやつ」…。 ●吉野家の「油そばセット」が絶品でした！ 　1899年に日本橋（東京都）で創業し、国内で1200店舗以上を展開する牛丼チェーン店「吉野家」。創業…ダイヤモンド・オンライン経済総合4/9(木) 17:15,油そば、決して不味くないし牛丼との相性もそんなに悪くない。価格設定も頑張ってると思う。だけど次に来たときにも頼むかとか、これ目当てに吉野家への来店回数が増えるかと言われると「無いなぁ」となる。,neutral,0.6848,negative
https://news.yahoo.co.jp/articles/161286f2c37a17301e171ce48096a1c60429aa61,「禁断のW炭水化物」「背徳すぎだろオイ」吉野家の“よくばりセット”1100kcal超えでボリューム感がハンパない！「カロリー度外視の最高なやつ」…。 ●吉野家の「油そばセット」が絶品でした！ 　1899年に日本橋（東京都）で創業し、国内で1200店舗以上を展開する牛丼チェーン店「吉野家」。創業…ダイヤモンド・オンライン経済総合4/9(木) 17:15,"正直、吉野家の油そばは、イマイチでした。。。
前回出てきた時もイマイチだったので、少しは改善されてるのかなと思って、、、また注文したら、またガッカリでした。。。

応援してるんだから、頑張ってくれ！",negative,0.3848,negative
https://news.yahoo.co.jp/articles/161286f2c37a17301e171ce48096a1c60429aa61,「禁断のW炭水化物」「背徳すぎだろオイ」吉野家の“よくばりセット”1100kcal超えでボリューム感がハンパない！「カロリー度外視の最高なやつ」…。 ●吉野家の「油そばセット」が絶品でした！ 　1899年に日本橋（東京都）で創業し、国内で1200店舗以上を展開する牛丼チェーン店「吉野家」。創業…ダイヤモンド・オンライン経済総合4/9(木) 17:15,"何を基準としてどこの飲食店でもボリューム感あるとか　そないボリューム無いよ
自分的にはあまり好まないメニューです。
麺があまり美味くない",negative,0.9872,negative
https://news.yahoo.co.jp/articles/161286f2c37a17301e171ce48096a1c60429aa61,「禁断のW炭水化物」「背徳すぎだろオイ」吉野家の“よくばりセット”1100kcal超えでボリューム感がハンパない！「カロリー度外視の最高なやつ」…。 ●吉野家の「油そばセット」が絶品でした！ 　1899年に日本橋（東京都）で創業し、国内で1200店舗以上を展開する牛丼チェーン店「吉野家」。創業…ダイヤモンド・オンライン経済総合4/9(木) 17:15,"肯定よりのコメントが少ないのは仕方ないと思います
そして、否定よりのコメントにやたらうーんが多いのは何故、、貴重な意見を正面から受け止めるのが企業としてのあるべきスタンスでは、、？",negative,0.7437,negative
https://news.yahoo.co.jp/articles/161286f2c37a17301e171ce48096a1c60429aa61,「禁断のW炭水化物」「背徳すぎだろオイ」吉野家の“よくばりセット”1100kcal超えでボリューム感がハンパない！「カロリー度外視の最高なやつ」…。 ●吉野家の「油そばセット」が絶品でした！ 　1899年に日本橋（東京都）で創業し、国内で1200店舗以上を展開する牛丼チェーン店「吉野家」。創業…ダイヤモンド・オンライン経済総合4/9(木) 17:15,食べたけど個人的にはイマイチやったわ。あれやったら普通に牛丼の特盛とか超特盛食べてるほうがいいよ。,neutral,0.4866,neutral
https://news.yahoo.co.jp/articles/161286f2c37a17301e171ce48096a1c60429aa61,「禁断のW炭水化物」「背徳すぎだろオイ」吉野家の“よくばりセット”1100kcal超えでボリューム感がハンパない！「カロリー度外視の最高なやつ」…。 ●吉野家の「油そばセット」が絶品でした！ 　1899年に日本橋（東京都）で創業し、国内で1200店舗以上を展開する牛丼チェーン店「吉野家」。創業…ダイヤモンド・オンライン経済総合4/9(木) 17:15,"今日初めて油そば食べてみたけど、まったく味がなかった…
酢やラー油かけても変わらず
仕方ないから醤油かけた
調理ミスったのかな",negative,0.9685,negative
https://news.yahoo.co.jp/articles/161286f2c37a17301e171ce48096a1c60429aa61,「禁断のW炭水化物」「背徳すぎだろオイ」吉野家の“よくばりセット”1100kcal超えでボリューム感がハンパない！「カロリー度外視の最高なやつ」…。 ●吉野家の「油そばセット」が絶品でした！ 　1899年に日本橋（東京都）で創業し、国内で1200店舗以上を展開する牛丼チェーン店「吉野家」。創業…ダイヤモンド・オンライン経済総合4/9(木) 17:15,吉野家の全メニュー食べたけど、結局最終的に牛丼に落ち着いた。松屋とすき家でも同じことやったけど、同じ結論に達しました。,positive,0.7172,neutral
https://news.yahoo.co.jp/articles/161286f2c37a17301e171ce48096a1c60429aa61,「禁断のW炭水化物」「背徳すぎだろオイ」吉野家の“よくばりセット”1100kcal超えでボリューム感がハンパない！「カロリー度外視の最高なやつ」…。 ●吉野家の「油そばセット」が絶品でした！ 　1899年に日本橋（東京都）で創業し、国内で1200店舗以上を展開する牛丼チェーン店「吉野家」。創業…ダイヤモンド・オンライン経済総合4/9(木) 17:15,"吉野家にそういうのは求めていない。
吉野家といえば牛丼でしょ！
何が販売されようと牛丼一筋！ツユダクダク！",positive,0.9195,neutral
https://news.yahoo.co.jp/articles/bc21ea706fa847396a5fafc105d3585843bb4a8b,【吉野家】牛丼×魯肉が合体！　“八角＆五香粉”本格スパイス使用　魯肉トッピング「黒カレー」も登場牛丼チェーン「吉野家」（東京都中央区）が、新商品「魯肉（ルーロー）牛丼」を4月9日午前11時から販売開始します。 「魯肉牛丼」は、八角や五香粉（ご…オトナンサーライフ総合4/8(水) 18:15,"魯肉飯は大好きだけどさて相性どうだろう
豚骨スープ味の牛鍋は初め「えっ？」と思ったけど、想像以上に美味しかった
ラーメンみたいな強い味になるんだよね
魯肉もとりあえず食べてみよ",positive,0.9173,positive
https://news.yahoo.co.jp/articles/bc21ea706fa847396a5fafc105d3585843bb4a8b,【吉野家】牛丼×魯肉が合体！　“八角＆五香粉”本格スパイス使用　魯肉トッピング「黒カレー」も登場牛丼チェーン「吉野家」（東京都中央区）が、新商品「魯肉（ルーロー）牛丼」を4月9日午前11時から販売開始します。 「魯肉牛丼」は、八角や五香粉（ご…オトナンサーライフ総合4/8(水) 18:15,吉野家は以前にどこかの有名店監修で魯肉飯を出していた。一度食べてみたが、やはり普通の牛丼のほうが美味い。カレーも同じく。慣れていないスパイスはなんだか口に合わないな、,neutral,0.6787,neutral
https://news.yahoo.co.jp/articles/bc21ea706fa847396a5fafc105d3585843bb4a8b,【吉野家】牛丼×魯肉が合体！　“八角＆五香粉”本格スパイス使用　魯肉トッピング「黒カレー」も登場牛丼チェーン「吉野家」（東京都中央区）が、新商品「魯肉（ルーロー）牛丼」を4月9日午前11時から販売開始します。 「魯肉牛丼」は、八角や五香粉（ご…オトナンサーライフ総合4/8(水) 18:15,"有名店コラボで魯肉飯で当たりをつけてからの
自社魯肉で反応を見る
好評ならもうロイヤリティーが発生するコラボの必要性はない
不評ならまたコラボの可能性もあるかもね",neutral,0.6197,neutral
https://news.yahoo.co.jp/articles/bc21ea706fa847396a5fafc105d3585843bb4a8b,【吉野家】牛丼×魯肉が合体！　“八角＆五香粉”本格スパイス使用　魯肉トッピング「黒カレー」も登場牛丼チェーン「吉野家」（東京都中央区）が、新商品「魯肉（ルーロー）牛丼」を4月9日午前11時から販売開始します。 「魯肉牛丼」は、八角や五香粉（ご…オトナンサーライフ総合4/8(水) 18:15,吉野家もだんだんすき家のようにトッピング牛丼に舵を切ってきたな。,neutral,0.5388,neutral
https://news.yahoo.co.jp/articles/bc21ea706fa847396a5fafc105d3585843bb4a8b,【吉野家】牛丼×魯肉が合体！　“八角＆五香粉”本格スパイス使用　魯肉トッピング「黒カレー」も登場牛丼チェーン「吉野家」（東京都中央区）が、新商品「魯肉（ルーロー）牛丼」を4月9日午前11時から販売開始します。 「魯肉牛丼」は、八角や五香粉（ご…オトナンサーライフ総合4/8(水) 18:15,普通の牛丼が1番旨い！,positive,0.9796,positive
https://news.yahoo.co.jp/articles/8dee8107096f3fac7f22d91a60d41ff970ab1ba9,【吉野家】牛丼に台湾の定番料理“魯肉”を合わせた「魯肉牛丼」「魯肉黒カレー」4月9日発売…牛丼チェーンの吉野家は、全国の吉野家店舗にて新商品「魯肉牛丼」を4月9日(木)11時より販売開始する。店内税込価格は並盛660円。 新商品「魯肉牛…食品産業新聞社ニュースWEB経済総合4/8(水) 13:31,牛肉無しの魯肉飯だけは無いのか。まぁ、そこは牛丼屋ということで致し方ないとしても、牛肉の上に掛けるんじゃなく牛肉と魯肉と半々で分けてほしかった。,neutral,0.8729,neutral
https://news.yahoo.co.jp/articles/8dee8107096f3fac7f22d91a60d41ff970ab1ba9,【吉野家】牛丼に台湾の定番料理“魯肉”を合わせた「魯肉牛丼」「魯肉黒カレー」4月9日発売…牛丼チェーンの吉野家は、全国の吉野家店舗にて新商品「魯肉牛丼」を4月9日(木)11時より販売開始する。店内税込価格は並盛660円。 新商品「魯肉牛…食品産業新聞社ニュースWEB経済総合4/8(水) 13:31,"初めてキムチ牛丼を口にした感激を!?還暦過ぎて再び?〜いささか  かの店は遠いしなぁ
GW前には叶うだろう",positive,0.9545,neutral
https://news.yahoo.co.jp/articles/32a22feae0bb536edd6ca870bfd179790dd07bde,吉野家、牛丼にスパイス香る魯肉（ルーロー）をのせた「魯肉牛丼」を発売吉野家は、牛丼に甘辛い「魯肉（ルーロー）」を合わせた「魯肉牛丼」を4月9日11時に発売する。価格は627円から。 　八角や五香粉がほんのり香る本格…グルメ Watchライフ総合4/8(水) 12:07,何やら味が濃そう〜皿に盛り付けて、ライスお代わり姿勢で臨みたい,negative,0.8023,positive
https://news.yahoo.co.jp/articles/32a22feae0bb536edd6ca870bfd179790dd07bde,吉野家、牛丼にスパイス香る魯肉（ルーロー）をのせた「魯肉牛丼」を発売吉野家は、牛丼に甘辛い「魯肉（ルーロー）」を合わせた「魯肉牛丼」を4月9日11時に発売する。価格は627円から。 　八角や五香粉がほんのり香る本格…グルメ Watchライフ総合4/8(水) 12:07,"前も似たようなのあったよね…
八角は…厳しい…",neutral,0.8908,negative
https://news.yahoo.co.jp/articles/f2f49148bb6583fdaea302321efad06fbd0ddfde,料理系YouTuber、SNSでバズり中のピーナッツコーラを飲み赤裸々に評価「想像とは違う味」…ネル。「チキンマックナゲット」「喫茶店のプリン」「町中華のチャーハン」「吉野家の牛丼」といったお店の味から、「江戸時代の寿司」「古代ローマ料理」「明治…リアルサウンドエンタメ総合4/8(水) 7:01,"過去にバタピーでやったことがあるが、バタピーでは合わなかった

塩っけの強いピーナッツとコーラの相性はいいので、塩っけの強いピーナッツなら美味いのかも",neutral,0.507,neutral
https://news.yahoo.co.jp/articles/f2f49148bb6583fdaea302321efad06fbd0ddfde,料理系YouTuber、SNSでバズり中のピーナッツコーラを飲み赤裸々に評価「想像とは違う味」…ネル。「チキンマックナゲット」「喫茶店のプリン」「町中華のチャーハン」「吉野家の牛丼」といったお店の味から、「江戸時代の寿司」「古代ローマ料理」「明治…リアルサウンドエンタメ総合4/8(水) 7:01,しばらく漬けておいても、ピーナッツが柔らかくならなかったので、塩だけいれたほうがいいのではないかと思う。こんど塩茹でピーナッツをいれてみよう,neutral,0.8117,neutral
https://news.yahoo.co.jp/articles/f2f49148bb6583fdaea302321efad06fbd0ddfde,料理系YouTuber、SNSでバズり中のピーナッツコーラを飲み赤裸々に評価「想像とは違う味」…ネル。「チキンマックナゲット」「喫茶店のプリン」「町中華のチャーハン」「吉野家の牛丼」といったお店の味から、「江戸時代の寿司」「古代ローマ料理」「明治…リアルサウンドエンタメ総合4/8(水) 7:01,"ピーナッツに液体に溶け出す要素あるか？
食べながらコーラ飲むのと同じじゃないのか？",neutral,0.8981,neutral
https://news.yahoo.co.jp/articles/f2f49148bb6583fdaea302321efad06fbd0ddfde,料理系YouTuber、SNSでバズり中のピーナッツコーラを飲み赤裸々に評価「想像とは違う味」…ネル。「チキンマックナゲット」「喫茶店のプリン」「町中華のチャーハン」「吉野家の牛丼」といったお店の味から、「江戸時代の寿司」「古代ローマ料理」「明治…リアルサウンドエンタメ総合4/8(水) 7:01,"本当にうまければ、流行で終わらずに後々残るが
これは今だけバズってるだけやろ。",positive,0.6257,negative
https://news.yahoo.co.jp/articles/f2f49148bb6583fdaea302321efad06fbd0ddfde,料理系YouTuber、SNSでバズり中のピーナッツコーラを飲み赤裸々に評価「想像とは違う味」…ネル。「チキンマックナゲット」「喫茶店のプリン」「町中華のチャーハン」「吉野家の牛丼」といったお店の味から、「江戸時代の寿司」「古代ローマ料理」「明治…リアルサウンドエンタメ総合4/8(水) 7:01,記事を読んだだけだとどんな味なのか全然わからなかった,negative,0.9252,negative
https://news.yahoo.co.jp/articles/f2f49148bb6583fdaea302321efad06fbd0ddfde,料理系YouTuber、SNSでバズり中のピーナッツコーラを飲み赤裸々に評価「想像とは違う味」…ネル。「チキンマックナゲット」「喫茶店のプリン」「町中華のチャーハン」「吉野家の牛丼」といったお店の味から、「江戸時代の寿司」「古代ローマ料理」「明治…リアルサウンドエンタメ総合4/8(水) 7:01,コーラーが伝統になるのだからアメリカには伝統がないのだろう。,negative,0.6454,negative
https://news.yahoo.co.jp/articles/7f783ebdd80719127b7abb1cd8c2a92922279bb4,木村拓哉はそば店で「肘つき＆足組み」、二宮和也は「席寝転び」…“トップアイドル”らが物議醸す“マナー問題…関して、木村は最近SNSをざわつかせることがあった。 「3月14日から、吉野家のCMに出演している木村さんですが、牛丼を食べる際、舌を出して食べ物を受…SmartFLASHエンタメ総合4/7(火) 18:00,肘付きなんて、昭和世代なら親から大目玉でしたけど、最近は日高屋とかでいくらでも肘付きでラーメン食べてる人なんかいますけど、迎え舌　はあまり意識したことなかったですが、先日、別の記事で迎え舌の話題があり、気にするように、その後回りを見ていましたが、ドドールのジャーマンドックを食べる時、まさに迎え舌の人が何人かいました。一度認識すると、とても下品にみえて、自分もとにかく気をつけようと思います。,neutral,0.7714,negative
https://news.yahoo.co.jp/articles/7f783ebdd80719127b7abb1cd8c2a92922279bb4,木村拓哉はそば店で「肘つき＆足組み」、二宮和也は「席寝転び」…“トップアイドル”らが物議醸す“マナー問題…関して、木村は最近SNSをざわつかせることがあった。 「3月14日から、吉野家のCMに出演している木村さんですが、牛丼を食べる際、舌を出して食べ物を受…SmartFLASHエンタメ総合4/7(火) 18:00,自宅だったら、どうぞご自由に食べてと思うけど、世間の目が光る場所や映像などは、やはり所作や言動に気を付けないとね。いろんな人がいるから。有名になればなるほど、周りから耳の痛いことは言われなくなるし、だからこそ自分で気を付けないとだよね。,neutral,0.7881,neutral
https://news.yahoo.co.jp/articles/7f783ebdd80719127b7abb1cd8c2a92922279bb4,木村拓哉はそば店で「肘つき＆足組み」、二宮和也は「席寝転び」…“トップアイドル”らが物議醸す“マナー問題…関して、木村は最近SNSをざわつかせることがあった。 「3月14日から、吉野家のCMに出演している木村さんですが、牛丼を食べる際、舌を出して食べ物を受…SmartFLASHエンタメ総合4/7(火) 18:00,"一部の方からは、そんなマナーを気にしていたら美味しく食べられないとか、食べ方は自由などというコメントがありますが。
自由と勝手気ままの区別が出来ていないのと、マナーは実は形だけではなく合理的なことというのを理解していないように感じます。
自由とはルールの上に成り立つもの。
マナーは形式的に見えて、実は実用的だということ。
だからこそ、日本人は外国の方々から所作が美しいと言われる由縁だと思うのですが。
感覚だけで判断するほど、日本の所作は軽いものではないと思いますよ。",neutral,0.8126,negative
https://news.yahoo.co.jp/articles/7f783ebdd80719127b7abb1cd8c2a92922279bb4,木村拓哉はそば店で「肘つき＆足組み」、二宮和也は「席寝転び」…“トップアイドル”らが物議醸す“マナー問題…関して、木村は最近SNSをざわつかせることがあった。 「3月14日から、吉野家のCMに出演している木村さんですが、牛丼を食べる際、舌を出して食べ物を受…SmartFLASHエンタメ総合4/7(火) 18:00,"“食事中に肘をつくのはマナー違反”と子供の頃からしつけられたので、肘をついて食事する大人を見てしまうと「？？」となる。
先日、食事中の40〜50代の女性グループ5人中5人全員が肘をついている様子を見た時はつい二度見してしまった。

マナーが完璧な人はいない。
自分も他人から見れば欠けている所があるだろう。
よって偉そうには言えない。
けれど最低限のマナーを知ることは大切ね。",negative,0.6386,negative
https://news.yahoo.co.jp/articles/7f783ebdd80719127b7abb1cd8c2a92922279bb4,木村拓哉はそば店で「肘つき＆足組み」、二宮和也は「席寝転び」…“トップアイドル”らが物議醸す“マナー問題…関して、木村は最近SNSをざわつかせることがあった。 「3月14日から、吉野家のCMに出演している木村さんですが、牛丼を食べる際、舌を出して食べ物を受…SmartFLASHエンタメ総合4/7(火) 18:00,"何秒くらいやっていたのかとか、程度問題ではないかな。鬼の首を取ったように揚げ足を取られるのはスターの宿命。誰でもいつでも撮影できる時代ですから、用心しろとしか言いようがないですね。
　一般論で言えば。仮に普段は無頼を売り物にしている人でも、飲食店でバッタリ遭ったら案外真面目な紳士だったよ…という方が、その逆よりもカッコいいとは思います。",neutral,0.8166,neutral
https://news.yahoo.co.jp/articles/7f783ebdd80719127b7abb1cd8c2a92922279bb4,木村拓哉はそば店で「肘つき＆足組み」、二宮和也は「席寝転び」…“トップアイドル”らが物議醸す“マナー問題…関して、木村は最近SNSをざわつかせることがあった。 「3月14日から、吉野家のCMに出演している木村さんですが、牛丼を食べる際、舌を出して食べ物を受…SmartFLASHエンタメ総合4/7(火) 18:00,食事の所作は幼少期の親からの教えが多大な影響を与えていると思います…箸の持ち方、肘をついて食べない、食べながら喋らない、などなど…自分は、食事のマナーは結構厳しく躾けてもらいました…ですので、ありがたいです…テレビの食レポで、口の中に食べ物が入っているのに、大口あけて口の中見せながらフゴフゴ喋る人結構いますが…1番不快です…後、くちゃくちゃ音立てる食べ方も食欲失せます…逆にちゃんと飲み込んでからコメントする方は好きになります…テレビで食事をするなら最低限のマナーは守っていただきたい…子供がいる方なら特に気をつけていただきたいです。,neutral,0.5453,negative
https://news.yahoo.co.jp/articles/7f783ebdd80719127b7abb1cd8c2a92922279bb4,木村拓哉はそば店で「肘つき＆足組み」、二宮和也は「席寝転び」…“トップアイドル”らが物議醸す“マナー問題…関して、木村は最近SNSをざわつかせることがあった。 「3月14日から、吉野家のCMに出演している木村さんですが、牛丼を食べる際、舌を出して食べ物を受…SmartFLASHエンタメ総合4/7(火) 18:00,"木村さんと二宮さんの出演、いつも楽しく拝見しています。
ただ、お二人のファンだからこそ、放送中の所作が少し気になりました。木村さんの肘をついての食事や、二宮さんのメニューがない際の振る舞い（寝転ぶ等）は、公共の電波に乗るものとしては少し残念に映ります。
誰もが憧れる大人で紳士なお二人だからこそ、最低限のマナーを大切にした、品格のある姿を見せていただけると嬉しいです。",positive,0.9558,negative
https://news.yahoo.co.jp/articles/7f783ebdd80719127b7abb1cd8c2a92922279bb4,木村拓哉はそば店で「肘つき＆足組み」、二宮和也は「席寝転び」…“トップアイドル”らが物議醸す“マナー問題…関して、木村は最近SNSをざわつかせることがあった。 「3月14日から、吉野家のCMに出演している木村さんですが、牛丼を食べる際、舌を出して食べ物を受…SmartFLASHエンタメ総合4/7(火) 18:00,"ニノに関してはですが…あの場所の許可をとって動画撮影をしている為、スタジオ的に使わせて頂いている状態でのオーバーリアクションかと感じました。風磨くんもちゃんと横にならないように注意というツッコミまでオチもありますし。
キムタクに関しては…ドラマ以外ではよく食べるシーンで肘ついていたりするので、つい気がぬけて普段からの仕草が出ちゃったのかな？とは思いますが。。。
まぁ、有名人に限らずお箸の持ち方や使い方などなど大人になると注意してくれる人がいなくなるのでちゃんとしなくちゃと思いますね。",neutral,0.6695,neutral
https://news.yahoo.co.jp/articles/7f783ebdd80719127b7abb1cd8c2a92922279bb4,木村拓哉はそば店で「肘つき＆足組み」、二宮和也は「席寝転び」…“トップアイドル”らが物議醸す“マナー問題…関して、木村は最近SNSをざわつかせることがあった。 「3月14日から、吉野家のCMに出演している木村さんですが、牛丼を食べる際、舌を出して食べ物を受…SmartFLASHエンタメ総合4/7(火) 18:00,"自分は今62になりました。飲食店に勤め飲食店を経営しています。それ故、食全般に熟知し（その世界で生きているので色々と勉強し経験をしました）食事マナーも多様な店に行っても恥をかかぬ程には身につけました。
しかしここ数年、自分でも気になる癖が出始めました。「食事中に肘をつくという事」です。それは体力的衰えのなのかは分かりません。もしかしたらそれぐらいの年齢になると出始める事なのかも知れません。
批判している人がいくつなのかは分かりませんが、若い頃に批判していた事がその歳になると自分がやってしまっているという事は実は世の中によくある事なのですよ。",negative,0.721,neutral
https://news.yahoo.co.jp/articles/7f783ebdd80719127b7abb1cd8c2a92922279bb4,木村拓哉はそば店で「肘つき＆足組み」、二宮和也は「席寝転び」…“トップアイドル”らが物議醸す“マナー問題…関して、木村は最近SNSをざわつかせることがあった。 「3月14日から、吉野家のCMに出演している木村さんですが、牛丼を食べる際、舌を出して食べ物を受…SmartFLASHエンタメ総合4/7(火) 18:00,"食事のマナーはしっかり守りたいと思ってますが、持病で筋肉が少なく体幹が弱い私は、足を組んで体を固定する感じにしなければ食事ができません。
そういう事情のある人もいること、知っていただけるとありがたいです。",neutral,0.7045,neutral
https://news.yahoo.co.jp/articles/0ad097403278f79d7b78e16f6630696a33d90af3,木村拓哉、蕎麦屋での“肘つき”が物議…迎え舌に続く食事マナー論争…木村さんが出演し、3月14日から放送が開始されている大手牛丼チェーン店『吉野家』CMです。『オレと牛丼』篇では、牛丼セットを実食する姿が映っているので…SmartFLASHエンタメ総合4/7(火) 17:35,食べ方って、長年で無意識に根付いたものなので、相当注意され続けたり、自身が恥ずかしい思いをしないと、なかなか直らないんですよね。まぁ、表舞台に出る人で、多くの人に見られる立場なので、どこかで直した方が良いのかなと思いつつ、結構多くの人も、似たり寄ったりなのではとも思いますけどね。,negative,0.5081,neutral
https://news.yahoo.co.jp/articles/0ad097403278f79d7b78e16f6630696a33d90af3,木村拓哉、蕎麦屋での“肘つき”が物議…迎え舌に続く食事マナー論争…木村さんが出演し、3月14日から放送が開始されている大手牛丼チェーン店『吉野家』CMです。『オレと牛丼』篇では、牛丼セットを実食する姿が映っているので…SmartFLASHエンタメ総合4/7(火) 17:35,"彼の活躍してきた時代のブランディングも関係してるように感じます。
無双状態だった以前の頃は男女共に彼に憧れる人は多かったですし、世間の常識からある程度はずれる事にもかっこよさを感じていた人が多かったと思います。
それを今さら現在の世間の声に合わせて変えてしまうのは彼の根本的なキャラクターも壊すことになりかねないと思います。
芸能人だからお手本になる振る舞いをという意見もわかりますが、芸能人だからこそ少しずつ常識からはずれる事もまた必要な事なのだろうなと。そう思うと否定も肯定も安易にはできないですね。",neutral,0.7714,neutral
https://news.yahoo.co.jp/articles/0ad097403278f79d7b78e16f6630696a33d90af3,木村拓哉、蕎麦屋での“肘つき”が物議…迎え舌に続く食事マナー論争…木村さんが出演し、3月14日から放送が開始されている大手牛丼チェーン店『吉野家』CMです。『オレと牛丼』篇では、牛丼セットを実食する姿が映っているので…SmartFLASHエンタメ総合4/7(火) 17:35,"皆さんの意見は様々だが、私(84歳)の育った終戦直後の子供たちは、食事の際のマナーは親などに細かく言われたものだった。　箸の使い方や、姿勢、おしゃべり、態度などだ。　
古い考えだと言われるかも知れないが、食事のマナーは日本人の基本だと思う。　芸能人等が、テレビで飲食をしている場面を良く見るが、｢帽子を被ったままで飲み食いをしている｣
この様な状況が、古くから節度のある｢日本人の良きマナーを悪化している｣のだと思う。　マスコミなどに出演する方々は、自分のマナーや態度を再度見直したら如何だろうか？
　　　　　　老人のたわ言ですが。",neutral,0.6346,neutral
https://news.yahoo.co.jp/articles/0ad097403278f79d7b78e16f6630696a33d90af3,木村拓哉、蕎麦屋での“肘つき”が物議…迎え舌に続く食事マナー論争…木村さんが出演し、3月14日から放送が開始されている大手牛丼チェーン店『吉野家』CMです。『オレと牛丼』篇では、牛丼セットを実食する姿が映っているので…SmartFLASHエンタメ総合4/7(火) 17:35,"確かに肘をついて食べるのはよくないと思いますが…。
牛丼のCMに関しては本人の意思よりも台本があり監督や多数のスタッフも居てカメラチェックもした筈それでGOサインが出たなら企業側の責任やチェックミスもあると思いますが…

個人的には言われるまで、そんにな気にはなりませんでしたけどね。
誰かの批判ではなく、自分でも気づかない内に行儀悪くなってないか意識して確認してみようと思いました。",neutral,0.8433,neutral
https://news.yahoo.co.jp/articles/0ad097403278f79d7b78e16f6630696a33d90af3,木村拓哉、蕎麦屋での“肘つき”が物議…迎え舌に続く食事マナー論争…木村さんが出演し、3月14日から放送が開始されている大手牛丼チェーン店『吉野家』CMです。『オレと牛丼』篇では、牛丼セットを実食する姿が映っているので…SmartFLASHエンタメ総合4/7(火) 17:35,親しい友人との食事でリラックスした面が出たのでしょうが、映像として発信される以上、マナーへの指摘の可能性はありますね。多くのファンや視聴者がいる存在だからこそ、細かな所作一つが良くも悪くも大きな影響を与えてしまう、スターゆえの難しさですね。,negative,0.5597,neutral
https://news.yahoo.co.jp/articles/0ad097403278f79d7b78e16f6630696a33d90af3,木村拓哉、蕎麦屋での“肘つき”が物議…迎え舌に続く食事マナー論争…木村さんが出演し、3月14日から放送が開始されている大手牛丼チェーン店『吉野家』CMです。『オレと牛丼』篇では、牛丼セットを実食する姿が映っているので…SmartFLASHエンタメ総合4/7(火) 17:35,"吉野家の広報ってほんとセンスないと思う。
前のイメージキャラクターは藤田ニコルで吉野家の雰囲気に全然合ってなかったし、今回も輪をかけて合ってない。
ついでに言うと、すき家の石原さとみも。全員に共通しているのは、イメージキャラクターやるまその店で食べたことなかったでしょっていうような人ばかり。
食べたことなくても合ってればいいけど、全員お店のブランドイメージに合ってない。",negative,0.6712,negative
https://news.yahoo.co.jp/articles/0ad097403278f79d7b78e16f6630696a33d90af3,木村拓哉、蕎麦屋での“肘つき”が物議…迎え舌に続く食事マナー論争…木村さんが出演し、3月14日から放送が開始されている大手牛丼チェーン店『吉野家』CMです。『オレと牛丼』篇では、牛丼セットを実食する姿が映っているので…SmartFLASHエンタメ総合4/7(火) 17:35,確かに迎え舌は良くはないと思います。ただ、完璧に食べられる人はなかなか居ないとも思います。因みに私は油断すると肘ではないですがと腕をテーブルにつけて食べてしまいます。たまに子供達に注意されてしまいます。後は魚の食べ方が汚かったり、野菜は虫や汚れがついてないか手で一枚一枚確認しながら食べてしまいます。人の食べ方の癖はなかなか直らないです。,negative,0.9376,neutral
https://news.yahoo.co.jp/articles/0ad097403278f79d7b78e16f6630696a33d90af3,木村拓哉、蕎麦屋での“肘つき”が物議…迎え舌に続く食事マナー論争…木村さんが出演し、3月14日から放送が開始されている大手牛丼チェーン店『吉野家』CMです。『オレと牛丼』篇では、牛丼セットを実食する姿が映っているので…SmartFLASHエンタメ総合4/7(火) 17:35,"迎え舌で食べてる人、結構いますよね。
みっともないと思っています。
舌を出す必要はないですけどね。
本人は無意識でしょうけど、その出した舌を見るのは本人ではない誰かです。
あまり気持ちの良いものではありません。
肘を突いて食べるのも、お行儀が悪いです。

他にも、椅子に足を立てて、膝の上に腕が乗ってるような状態で食べてる人。
両肘を横にはり出して、ガツガツ食べてる人。
左手を膝の上に置いたまま、顔をテーブルに近づけて食べてる人。などなど
お行儀が悪いのは、小さい頃の親の躾だと思いますが、もうそんな事をやかましく言う世の中ではないのかも。
私は言われましたし息子たちにもやかましく言いました。
でも、意識すれば何歳からでもお行儀良く食べることはできますよ。",negative,0.858,negative
https://news.yahoo.co.jp/articles/0ad097403278f79d7b78e16f6630696a33d90af3,木村拓哉、蕎麦屋での“肘つき”が物議…迎え舌に続く食事マナー論争…木村さんが出演し、3月14日から放送が開始されている大手牛丼チェーン店『吉野家』CMです。『オレと牛丼』篇では、牛丼セットを実食する姿が映っているので…SmartFLASHエンタメ総合4/7(火) 17:35,"芸能人ということもあり、このようなことも世間に晒されるのですから少し可哀想な気もしますね、、、。

とは、言っても隠し撮りなどではなく自らTV出演しているのですから仕方ないと言えばそれまでですが。

食事マナーも三つ子の魂なんたらで小さいうちから躾がとても重要です。

よほど、恥ずかしい思いするか本人が指摘されてきちんと理解した上で直さない限り無理です。

彼の年代の場合はご両親からそういった躾けがまだ、うるさいころだったはずですがどうだったのでしょうか？

家庭環境もあるかもしれないし、早く芸能界に入るとそういったマナーが後回し、疎かになった感じもします。",negative,0.9692,negative
https://news.yahoo.co.jp/articles/0ad097403278f79d7b78e16f6630696a33d90af3,木村拓哉、蕎麦屋での“肘つき”が物議…迎え舌に続く食事マナー論争…木村さんが出演し、3月14日から放送が開始されている大手牛丼チェーン店『吉野家』CMです。『オレと牛丼』篇では、牛丼セットを実食する姿が映っているので…SmartFLASHエンタメ総合4/7(火) 17:35,"木村さんではないけど、テレビで食事する芸能人を見るとけっこう皆さん、左手を机の下に降ろしたまま食べている方が多い！
子供がいて、左手！左手と日頃から言っていたから気になってしまうんだけど。左手を下ろしたまま食事する姿ってカッコ悪いんですよね。自分でも気をつけようと思います。",negative,0.7254,neutral
https://news.yahoo.co.jp/articles/7910d7e439ae696ba51a2b0c14ffc0fc5db4f253,"木村拓哉""牛丼つゆだく""を抑えた「庶民派好感度芸能人」ランキング、「昔から倹約家」国民的アイドルは【総合順位】…姿があり、CMにともなうコメントでは、自身が駆け出しの頃の吉野家の思い出として、当時は吉野家が「腹減ったときの駆け込み寺」のような存在だったと回想した…ピンズバNEWSライフ総合4/7(火) 13:51","キムタク本人は庶民アピールしてるけどご家族の女性陣が真逆のセレブアピールをしたがるから意味ない。
一緒に暮らしてるのに庶民とセレブで方向性が極端なので違和感覚えてる人多いと思う。
セレブアピール統一で別にいいのに。",negative,0.8527,negative
https://news.yahoo.co.jp/articles/7910d7e439ae696ba51a2b0c14ffc0fc5db4f253,"木村拓哉""牛丼つゆだく""を抑えた「庶民派好感度芸能人」ランキング、「昔から倹約家」国民的アイドルは【総合順位】…姿があり、CMにともなうコメントでは、自身が駆け出しの頃の吉野家の思い出として、当時は吉野家が「腹減ったときの駆け込み寺」のような存在だったと回想した…ピンズバNEWSライフ総合4/7(火) 13:51","「庶民派」「好感度」なだけで、実際の生活が庶民的なわけない。
昔の話はさておいて、今のキムタクが牛丼食べる姿に違和感を覚えるのは、私だけではないはず。",negative,0.7921,negative
https://news.yahoo.co.jp/articles/7910d7e439ae696ba51a2b0c14ffc0fc5db4f253,"木村拓哉""牛丼つゆだく""を抑えた「庶民派好感度芸能人」ランキング、「昔から倹約家」国民的アイドルは【総合順位】…姿があり、CMにともなうコメントでは、自身が駆け出しの頃の吉野家の思い出として、当時は吉野家が「腹減ったときの駆け込み寺」のような存在だったと回想した…ピンズバNEWSライフ総合4/7(火) 13:51","キムタクさん一生涯なんの不自由ない富と名声を得ている。
ただ彼のほしいものは身長だけだろうな。騎手の体格につい見えてしまう。",neutral,0.6914,neutral
https://news.yahoo.co.jp/articles/7910d7e439ae696ba51a2b0c14ffc0fc5db4f253,"木村拓哉""牛丼つゆだく""を抑えた「庶民派好感度芸能人」ランキング、「昔から倹約家」国民的アイドルは【総合順位】…姿があり、CMにともなうコメントでは、自身が駆け出しの頃の吉野家の思い出として、当時は吉野家が「腹減ったときの駆け込み寺」のような存在だったと回想した…ピンズバNEWSライフ総合4/7(火) 13:51","キムタクの食べ方うんぬん？？？
むかえ舌とか書かれているけど
牛丼って高級？上品？
キムタク（男性が）がきどらずに
さっと注文してがっっとかきこむ。
そういう食べ物でしょ。
時間かけて上品に食べるほうが変でしょ？
こだわり等無くどんぶり（日本特有）、米
それをただかきこむ。それでいいでしょ。
変なルール作りして注文も
つゆだくではなくつゆましましとかにする？
いやでしょ。",neutral,0.7303,neutral
https://news.yahoo.co.jp/articles/7910d7e439ae696ba51a2b0c14ffc0fc5db4f253,"木村拓哉""牛丼つゆだく""を抑えた「庶民派好感度芸能人」ランキング、「昔から倹約家」国民的アイドルは【総合順位】…姿があり、CMにともなうコメントでは、自身が駆け出しの頃の吉野家の思い出として、当時は吉野家が「腹減ったときの駆け込み寺」のような存在だったと回想した…ピンズバNEWSライフ総合4/7(火) 13:51","映画はだめ
ドラマも大根
トークは下手

稼げない。
だから、ギャラを下げて出血大サービス。
で。商品が売れなかったら・・・次はない。

そんな崖っぷちタクヤ。
これからどうなるのか。",negative,0.8218,negative
https://news.yahoo.co.jp/articles/7910d7e439ae696ba51a2b0c14ffc0fc5db4f253,"木村拓哉""牛丼つゆだく""を抑えた「庶民派好感度芸能人」ランキング、「昔から倹約家」国民的アイドルは【総合順位】…姿があり、CMにともなうコメントでは、自身が駆け出しの頃の吉野家の思い出として、当時は吉野家が「腹減ったときの駆け込み寺」のような存在だったと回想した…ピンズバNEWSライフ総合4/7(火) 13:51",キムタクさんは吉野家や転職サイトのCMとか昔は絶対にやらなかったであろう仕事もやってるよね…,positive,0.5776,negative
https://news.yahoo.co.jp/articles/7910d7e439ae696ba51a2b0c14ffc0fc5db4f253,"木村拓哉""牛丼つゆだく""を抑えた「庶民派好感度芸能人」ランキング、「昔から倹約家」国民的アイドルは【総合順位】…姿があり、CMにともなうコメントでは、自身が駆け出しの頃の吉野家の思い出として、当時は吉野家が「腹減ったときの駆け込み寺」のような存在だったと回想した…ピンズバNEWSライフ総合4/7(火) 13:51",こういうニュースに、何の意味や教訓があるんだろう？　芸能ニュース記者って要らないんじゃない？,neutral,0.7491,negative
https://news.yahoo.co.jp/articles/7910d7e439ae696ba51a2b0c14ffc0fc5db4f253,"木村拓哉""牛丼つゆだく""を抑えた「庶民派好感度芸能人」ランキング、「昔から倹約家」国民的アイドルは【総合順位】…姿があり、CMにともなうコメントでは、自身が駆け出しの頃の吉野家の思い出として、当時は吉野家が「腹減ったときの駆け込み寺」のような存在だったと回想した…ピンズバNEWSライフ総合4/7(火) 13:51",吉野家の迎え舌しているシーンがめっちゃリプレイされているのを見て噴き出したわ,positive,0.5284,neutral
https://news.yahoo.co.jp/articles/7910d7e439ae696ba51a2b0c14ffc0fc5db4f253,"木村拓哉""牛丼つゆだく""を抑えた「庶民派好感度芸能人」ランキング、「昔から倹約家」国民的アイドルは【総合順位】…姿があり、CMにともなうコメントでは、自身が駆け出しの頃の吉野家の思い出として、当時は吉野家が「腹減ったときの駆け込み寺」のような存在だったと回想した…ピンズバNEWSライフ総合4/7(火) 13:51",二宮くんの飛行機は仕事だからエコノミーを自分で選んだわけではないのでは？,neutral,0.9269,neutral
https://news.yahoo.co.jp/articles/7910d7e439ae696ba51a2b0c14ffc0fc5db4f253,"木村拓哉""牛丼つゆだく""を抑えた「庶民派好感度芸能人」ランキング、「昔から倹約家」国民的アイドルは【総合順位】…姿があり、CMにともなうコメントでは、自身が駆け出しの頃の吉野家の思い出として、当時は吉野家が「腹減ったときの駆け込み寺」のような存在だったと回想した…ピンズバNEWSライフ総合4/7(火) 13:51","9位 SixTONES・田中樹飲料
って何？",neutral,0.9433,neutral
https://news.yahoo.co.jp/articles/6e9bb166c033d71e745e3fcf0a71fde9f0a110e8,小川賢太郎さん死去　ゼンショーHD創業者、77歳　牛丼「すき家」展開、買収で外食最大手に…予定。 　1948年石川県生まれ。東京都立新宿高卒。東大を中退後、牛丼の吉野家で働いた経験を生かし、82年に「すき家」1号店を横浜市に開いた。BSE（…時事通信経済総合4/7(火) 9:21,もとは吉野家にいて、その後独立してゼンショーを設立、一代で吉野家を超える牛丼チェーンに育てた方。ゼンショーの社名の由来も全戦全勝から取ったものだとか。色々評価はあると思うが、大変なやり手の方だったのだと思う。,positive,0.6418,positive
https://news.yahoo.co.jp/articles/6e9bb166c033d71e745e3fcf0a71fde9f0a110e8,小川賢太郎さん死去　ゼンショーHD創業者、77歳　牛丼「すき家」展開、買収で外食最大手に…予定。 　1948年石川県生まれ。東京都立新宿高卒。東大を中退後、牛丼の吉野家で働いた経験を生かし、82年に「すき家」1号店を横浜市に開いた。BSE（…時事通信経済総合4/7(火) 9:21,"小川賢太郎さんの訃報に接し、驚きとともに、これまでの功績の大きさを改めて感じています。

ゼンショーホールディングスを創業し、すき家をはじめとした多くのブランドを展開して外食業界を牽引されてきた存在であり、日本の食文化や日常に与えた影響は非常に大きいと思います。

BSE問題の際の迅速な判断や、積極的なM&Aによる事業拡大など、経営者としての決断力と行動力には強い印象があります。
一方で、労働環境や不祥事への対応など、課題も多く抱えながら企業を成長させてきた点も含めて、その歩みは決して平坦ではなかったのだと感じます。

一つの時代を築いた経営者のお一人として、心よりご冥福をお祈りいたします。",positive,0.6833,positive
https://news.yahoo.co.jp/articles/6e9bb166c033d71e745e3fcf0a71fde9f0a110e8,小川賢太郎さん死去　ゼンショーHD創業者、77歳　牛丼「すき家」展開、買収で外食最大手に…予定。 　1948年石川県生まれ。東京都立新宿高卒。東大を中退後、牛丼の吉野家で働いた経験を生かし、82年に「すき家」1号店を横浜市に開いた。BSE（…時事通信経済総合4/7(火) 9:21,"ゼンショーグループの注目の的はオリーブの丘ですね。王者サイゼリアと真っ向勝負するには店舗数が遠く及びませんが、驚くべきはスケールメリットの恩恵がない現状で王者相手にメニューの価格やクオリティ、新メニューの開発力、オペレーションで完全に互角以上の相撲を取っている事です。
計算し尽くされたカウンター席やテーブルの配置や大きさ、ロボットの活用やグループのはま寿司のノウハウを活かした配膳トレイによる省力化の実現など、店舗には素晴らしい経営努力がそこらじゅうに見て取れます。特にはま寿司と共同仕入れをしているであろう魚介系を活かしたメニューは完全にサイゼリアとの差別化ポイントになっています。お近くに店舗がある方は是非お試し下さい。この会社の経営の優秀さと業態開発の凄さが体験できますよ。",positive,0.9629,positive
https://news.yahoo.co.jp/articles/6e9bb166c033d71e745e3fcf0a71fde9f0a110e8,小川賢太郎さん死去　ゼンショーHD創業者、77歳　牛丼「すき家」展開、買収で外食最大手に…予定。 　1948年石川県生まれ。東京都立新宿高卒。東大を中退後、牛丼の吉野家で働いた経験を生かし、82年に「すき家」1号店を横浜市に開いた。BSE（…時事通信経済総合4/7(火) 9:21,すき家がパッと出るてくるけど、その他にも、はま寿司、なか卯、Cocos、ロッテリアとかも子会社化していて、庶民の味方と言って良い価格帯と品質を提供しているお店が多い気がする。ま、働いてる人からの様々な不満が取り上げられることも目立っていたかもしれないけど、それは組織が大きくなるとどこでも出てきてしまう問題なのは今も昔も同じなのかなと。バブルがはじけ就職氷河期で非正規雇用の割合が急増した時代に、よくこの価格帯で比較的安心できる飲食サービスを提供する礎を築かれたなという気がします。大変お疲れ様でした。,neutral,0.8002,positive
https://news.yahoo.co.jp/articles/6e9bb166c033d71e745e3fcf0a71fde9f0a110e8,小川賢太郎さん死去　ゼンショーHD創業者、77歳　牛丼「すき家」展開、買収で外食最大手に…予定。 　1948年石川県生まれ。東京都立新宿高卒。東大を中退後、牛丼の吉野家で働いた経験を生かし、82年に「すき家」1号店を横浜市に開いた。BSE（…時事通信経済総合4/7(火) 9:21,"はま寿司もこの方ですよね。一代でゼンショーグループを作り上げた立志伝中の人。好き嫌い、賛否両論ありますが、それは自分を信じてとことんこだわったからなんでしょうね。安くて美味しいものを提供できるするという信念を貫くために取捨選択するとまあ叩かれることもある。
いずれにせよすごい人だと思います。",positive,0.8869,positive
https://news.yahoo.co.jp/articles/6e9bb166c033d71e745e3fcf0a71fde9f0a110e8,小川賢太郎さん死去　ゼンショーHD創業者、77歳　牛丼「すき家」展開、買収で外食最大手に…予定。 　1948年石川県生まれ。東京都立新宿高卒。東大を中退後、牛丼の吉野家で働いた経験を生かし、82年に「すき家」1号店を横浜市に開いた。BSE（…時事通信経済総合4/7(火) 9:21,今ちょうど株価を見ていたんですが、2022年半ばくらいまではなだらかな動きなんですが、2023年以降グッと値上がりし始めて2000円台だったのが最近は一万を超える日もありました。成長するってこういうことで、株を持ち企業を応援するってこういう気持ちなんだと実感します。,positive,0.6133,positive
https://news.yahoo.co.jp/articles/6e9bb166c033d71e745e3fcf0a71fde9f0a110e8,小川賢太郎さん死去　ゼンショーHD創業者、77歳　牛丼「すき家」展開、買収で外食最大手に…予定。 　1948年石川県生まれ。東京都立新宿高卒。東大を中退後、牛丼の吉野家で働いた経験を生かし、82年に「すき家」1号店を横浜市に開いた。BSE（…時事通信経済総合4/7(火) 9:21,"勤めていた当時東日本大震災がありました。
東京でしたが帰宅難民が溢れ、物流も止まり大混乱でした。
震災発生直後、最大のライバルだったマクドナルドは【従業員の安全を速やかに確保する】と影響下にある店舗を一斉にクローズ。対するゼンショーは多くの方が困難な状況下にある今こそ【影響下にある地域住民のインフラであり続ける】と営業を継続。
どちらの考えがどうということはできませんが、この人を象徴するエピソードだなと未だに思い出すことがあります。
ご冥福をお祈りいたします。",neutral,0.5396,positive
https://news.yahoo.co.jp/articles/6e9bb166c033d71e745e3fcf0a71fde9f0a110e8,小川賢太郎さん死去　ゼンショーHD創業者、77歳　牛丼「すき家」展開、買収で外食最大手に…予定。 　1948年石川県生まれ。東京都立新宿高卒。東大を中退後、牛丼の吉野家で働いた経験を生かし、82年に「すき家」1号店を横浜市に開いた。BSE（…時事通信経済総合4/7(火) 9:21,現在54歳、新卒でゼンショーに入社し3年で退職しました。精神的にも体力的にも過酷な職場ではありましたが、ただその3年で社会人としての基礎を叩き込まれたと思います。今は地元の会社で役員をしています。それもあの3年があってこそだと思っています。当時は不満もありながら尊敬もしていまた。感謝とともにご冥福をお祈りします,positive,0.6554,positive
https://news.yahoo.co.jp/articles/6e9bb166c033d71e745e3fcf0a71fde9f0a110e8,小川賢太郎さん死去　ゼンショーHD創業者、77歳　牛丼「すき家」展開、買収で外食最大手に…予定。 　1948年石川県生まれ。東京都立新宿高卒。東大を中退後、牛丼の吉野家で働いた経験を生かし、82年に「すき家」1号店を横浜市に開いた。BSE（…時事通信経済総合4/7(火) 9:21,何度か株主総会で拝見しました。創業者社長っていう印象を変えてくれた方です。まだ吉野家にダブルスコア位で負けていた頃に「数年以内に追いつき追い越す」と総会で宣言し数年後に実現、その時の総会で「やってやったぜ」的な事を言っていたのを思い出した。優待目的で@500円500株買って現在も保有。まさかここまで大きくなるとは思いませんでした。社内では分かりませんが株主目線ではなかなか面白い方でした。,positive,0.9843,positive
https://news.yahoo.co.jp/articles/6e9bb166c033d71e745e3fcf0a71fde9f0a110e8,小川賢太郎さん死去　ゼンショーHD創業者、77歳　牛丼「すき家」展開、買収で外食最大手に…予定。 　1948年石川県生まれ。東京都立新宿高卒。東大を中退後、牛丼の吉野家で働いた経験を生かし、82年に「すき家」1号店を横浜市に開いた。BSE（…時事通信経済総合4/7(火) 9:21,小川氏は、すき家の印象が強いけれど、それだけでなく日常の外食をかなり広い範囲で支えてきた人だよね。安さだけでなく、どこでも入りやすく、普段使いできる店をここまで大きな形にした功績は大きい。派手さより「多くの人の普通の食事」を支える仕組みを築いた経営者だったということだと思います。ご冥福をお祈りします。,positive,0.7045,positive
https://news.yahoo.co.jp/articles/ed67d03774295c93424741df24d1e69f06cf1d98,超級インフレをポイント還元で乗り切る「日常生活最強クレカ」活用テクニック…最大10％還元となるカードです。 例えば、飲食チェーンならマクドナルドや吉野家、ECだとアマゾンやQoo10、さらにサブスクのHuluやU－NEXTな…週プレNEWS経済総合4/7(火) 6:41,"自分の生活サイクルや導線でコンビニがメイン決済になる場合は仕方ない。
現金を使わないメリットが現代社会は多くある",neutral,0.6321,neutral
https://news.yahoo.co.jp/articles/ed67d03774295c93424741df24d1e69f06cf1d98,超級インフレをポイント還元で乗り切る「日常生活最強クレカ」活用テクニック…最大10％還元となるカードです。 例えば、飲食チェーンならマクドナルドや吉野家、ECだとアマゾンやQoo10、さらにサブスクのHuluやU－NEXTな…週プレNEWS経済総合4/7(火) 6:41,"コンビニで10%還元されるよりスーパーで買った方が安いよ。
そのスーパーでカードで1%還元されるし。",neutral,0.753,negative
https://news.yahoo.co.jp/articles/9facd6f31d771ed8bc9642c47967d750bbf2541c,《“迎え舌”批判の影響か》木村拓哉　YouTube最新動画の食事シーンで起きた“異変”…目立ちます。こうした変化の背景として思い起こされるのが、3月に公開された吉野家の新CMです。木村さんが牛丼を口に運ぶ際の“迎え舌”がネット上で物議を醸…女性自身エンタメ総合4/6(月) 19:30,年末の福山雅治と大泉洋の番組で、海外で食事するシーン。福山さんは顔を皿の近くまで下げて食べ、大泉さんは真っすぐの姿勢で口元にフォークを持ってきて食べて、こうも印象が変わるのかと思い、癖って治らないし、福山さんには誰も言えないからなぁと思いながら見ていた。,neutral,0.9197,neutral
https://news.yahoo.co.jp/articles/9facd6f31d771ed8bc9642c47967d750bbf2541c,《“迎え舌”批判の影響か》木村拓哉　YouTube最新動画の食事シーンで起きた“異変”…目立ちます。こうした変化の背景として思い起こされるのが、3月に公開された吉野家の新CMです。木村さんが牛丼を口に運ぶ際の“迎え舌”がネット上で物議を醸…女性自身エンタメ総合4/6(月) 19:30,編集やカットするのではなくて、どなたかが木村さんに一度教えて差し上げるのが良いかと思います。木村さんも変に忖度されるよりそちらの方が嬉しいのではないでしょうか？また、プロですから一度教わればすぐにマスターして次回に活かすことができると思います。,positive,0.8856,neutral
https://news.yahoo.co.jp/articles/9facd6f31d771ed8bc9642c47967d750bbf2541c,《“迎え舌”批判の影響か》木村拓哉　YouTube最新動画の食事シーンで起きた“異変”…目立ちます。こうした変化の背景として思い起こされるのが、3月に公開された吉野家の新CMです。木村さんが牛丼を口に運ぶ際の“迎え舌”がネット上で物議を醸…女性自身エンタメ総合4/6(月) 19:30,"木村拓哉くんを含め『STARTO ENTERTAINMENT』に所属している方々の中には他にも食事マナーがなっていない方々も居ます。
例えば、利き手では無い方の手や腕を机の下に下ろしたまま飲食したり、迎え舌で食べたり、食レポ等で話す時に手で口を塞がずに口の中が見える状態で話したり、等です。
大多数の方々に観られる職業上、食事マナーや食べ方をキチンとして欲しいです。",neutral,0.879,negative
https://news.yahoo.co.jp/articles/9facd6f31d771ed8bc9642c47967d750bbf2541c,《“迎え舌”批判の影響か》木村拓哉　YouTube最新動画の食事シーンで起きた“異変”…目立ちます。こうした変化の背景として思い起こされるのが、3月に公開された吉野家の新CMです。木村さんが牛丼を口に運ぶ際の“迎え舌”がネット上で物議を醸…女性自身エンタメ総合4/6(月) 19:30,"いやいや、日本人として、食べ方（クチャクチャと食べない）、箸の持ち方、焼き魚の食べ方などの食事の所作は、ある程度の年齢（低学年くらい）になったら、やはり最低限できないとな。
あと、１番大事なのは、周りの人がその都度注意し、本人が恥ずかいと自覚する事だ。
まぁ、本人は無意識でやっているんだと思うけど、これが昔なら、その親の教育を問われるところだごね。",neutral,0.7792,negative
https://news.yahoo.co.jp/articles/9facd6f31d771ed8bc9642c47967d750bbf2541c,《“迎え舌”批判の影響か》木村拓哉　YouTube最新動画の食事シーンで起きた“異変”…目立ちます。こうした変化の背景として思い起こされるのが、3月に公開された吉野家の新CMです。木村さんが牛丼を口に運ぶ際の“迎え舌”がネット上で物議を醸…女性自身エンタメ総合4/6(月) 19:30,"暫く休めばよいのにね動画
いい歳なって最低限の食べ方や作法がダメだといくらイケメンや良い人でも5割減だなあ
キムタクは元々あまり行儀良い方ではないからなあ
髪かきあげながら、肘ついたまま、足組んだまま食事したり
かっこいいつもりかもだけど、それは多く見積って20代までだね
30過ぎてしかも家庭あるならそこはしっかりして欲しいね",neutral,0.7924,negative
https://news.yahoo.co.jp/articles/9facd6f31d771ed8bc9642c47967d750bbf2541c,《“迎え舌”批判の影響か》木村拓哉　YouTube最新動画の食事シーンで起きた“異変”…目立ちます。こうした変化の背景として思い起こされるのが、3月に公開された吉野家の新CMです。木村さんが牛丼を口に運ぶ際の“迎え舌”がネット上で物議を醸…女性自身エンタメ総合4/6(月) 19:30,人間長い期間で育まれた生活習慣や仕草などのクセは一朝一夕でなんとかなるものではありません、おそらく今後もこのような不自然な編集が続くものと思われます、大人になってからは修正は不可能です、子供の頃からの躾は大切ですね,neutral,0.6846,negative
https://news.yahoo.co.jp/articles/9facd6f31d771ed8bc9642c47967d750bbf2541c,《“迎え舌”批判の影響か》木村拓哉　YouTube最新動画の食事シーンで起きた“異変”…目立ちます。こうした変化の背景として思い起こされるのが、3月に公開された吉野家の新CMです。木村さんが牛丼を口に運ぶ際の“迎え舌”がネット上で物議を醸…女性自身エンタメ総合4/6(月) 19:30,自分的には、あまり気にはしていなかったのですが確かに迎え舌も目の当たりすると、不快にまではいかないにしても良いものではないと思います。食事シーンを見てもらってお金をもらう仕事なのだから、もう少し食事のマナーを学ぶなり教えるなりした方がいいのではないでしょうか?自分的には迎え舌よりも、どんぶりに口を付けて吸って食べる仕草の方が不快でなりません。卵かけて食べていたり汁物とかなら分かります。箸で取りづらい物なら分かるんです。直接口を付けるのは、汚い食べ方にしか見えなくて不快でしかありません。木村拓哉のCMもそうですが、孤独のグルメの松重豊さんの食べ方も同じで、一番見たい食事のシーンが不快で見れません。癖なのか演出なのか分からないのですが、吸ってる音を聴くと汚く感じてしまいます。,negative,0.5752,negative
https://news.yahoo.co.jp/articles/9facd6f31d771ed8bc9642c47967d750bbf2541c,《“迎え舌”批判の影響か》木村拓哉　YouTube最新動画の食事シーンで起きた“異変”…目立ちます。こうした変化の背景として思い起こされるのが、3月に公開された吉野家の新CMです。木村さんが牛丼を口に運ぶ際の“迎え舌”がネット上で物議を醸…女性自身エンタメ総合4/6(月) 19:30,"この件で迎え舌というものを初めて知ってシンプルに疑問なんだけど
なんで舌出すの？
そこがよくわからなかった
どんな食べ物を食べる時でも舌を出すというのがよくわからない。
マナーとかそういうのを置いておいて、舌なんて出して食べることあるんだ？ってすごく驚いた
自分は無意識でも舌を出すなんてことがないからそういう人もいるんだと興味深かった",neutral,0.6034,neutral
https://news.yahoo.co.jp/articles/9facd6f31d771ed8bc9642c47967d750bbf2541c,《“迎え舌”批判の影響か》木村拓哉　YouTube最新動画の食事シーンで起きた“異変”…目立ちます。こうした変化の背景として思い起こされるのが、3月に公開された吉野家の新CMです。木村さんが牛丼を口に運ぶ際の“迎え舌”がネット上で物議を醸…女性自身エンタメ総合4/6(月) 19:30,"ドラマでは分からないけど、ロケだとその人の素が出るから、きちんと手を合わせて頂きます！している人とか、そのままいっちゃう人とかでも違いは出る。
奥さんもいつも脚組んだまま食べてるし、行儀は気にしない家庭なんだと思うよ。
何はともあれ、ここまで盛り上がってくれると吉野家も万々歳じゃないの。",positive,0.9472,neutral
https://news.yahoo.co.jp/articles/9facd6f31d771ed8bc9642c47967d750bbf2541c,《“迎え舌”批判の影響か》木村拓哉　YouTube最新動画の食事シーンで起きた“異変”…目立ちます。こうした変化の背景として思い起こされるのが、3月に公開された吉野家の新CMです。木村さんが牛丼を口に運ぶ際の“迎え舌”がネット上で物議を醸…女性自身エンタメ総合4/6(月) 19:30,"うちの父は育ちが悪く 蕎麦やうどんだけならわかるけど、ラーメン スパゲッティなどの麺類や味噌汁などの汁物に至るまで何でもズルズル音をたてて啜ります。こういうのって多分本人は他の人がやってても全く気にならないんでしょう、言っても直るのは直すのは 子供のうちだけで大人になってからは無理だと思うので言わないけどみっともないですね。
木村さんの迎え舌や よく外で見かけるラーメン屋などの丼へ頭をくっつけるようにして食べる『犬食い』と言われる食べ方はみてて美しくないけど、これも親の躾だしね。50越えて直らないと思う。",negative,0.9022,neutral
